$MeshFormat
4.1 0 8
$EndMeshFormat
$Entities
8 12 6 1
1 0 0 0 0 
2 2 0 0 0 
3 2 2 0 0 
4 0 2 0 0 
5 0 0 2 0 
6 2 0 2 0 
7 2 2 2 0 
8 0 2 2 0 
1 0 0 0 2 0 0 0 2 1 -2 
2 2 0 0 2 2 0 0 2 2 -3 
3 0 2 0 2 2 0 0 2 3 -4 
4 0 0 0 0 2 0 0 2 4 -1 
5 0 0 2 2 0 2 0 2 5 -6 
6 2 0 2 2 2 2 0 2 6 -7 
7 0 2 2 2 2 2 0 2 7 -8 
8 0 0 2 0 2 2 0 2 8 -5 
9 0 0 0 0 0 2 0 2 1 -5 
10 2 0 0 2 0 2 0 2 2 -6 
11 2 2 0 2 2 2 0 2 3 -7 
12 0 2 0 0 2 2 0 2 4 -8 
1 0 0 0 2 2 0 0 4 1 2 3 4 
2 0 0 2 2 2 2 0 4 5 6 7 8 
3 0 0 0 2 0 2 0 4 1 10 -5 -9 
4 2 0 0 2 2 2 0 4 2 11 -6 -10 
5 0 2 0 2 2 2 0 4 3 12 -7 -11 
6 0 0 0 0 2 2 0 4 4 9 -8 -12 
1 0 0 0 2 2 2 0 6 1 2 3 4 5 6 
$EndEntities
$Nodes
27 1139 1 1139
0 1 0 1
1
0 0 0
0 2 0 1
2
2 0 0
0 3 0 1
3
2 2 0
0 4 0 1
4
0 2 0
0 5 0 1
5
0 0 2
0 6 0 1
6
2 0 2
0 7 0 1
7
2 2 2
0 8 0 1
8
0 2 2
1 1 0 9
9
10
11
12
13
14
15
16
17
0.1999999999996294 0 0
0.3999999999991158 0 0
0.5999999999985328 0 0
0.7999999999979499 0 0
0.9999999999973885 0 0
1.199999999997894 0 0
1.39999999999842 0 0
1.599999999998947 0 0
1.799999999999474 0 0
1 2 0 9
18
19
20
21
22
23
24
25
26
2 0.1999999999996294 0
2 0.3999999999991158 0
2 0.5999999999985328 0
2 0.7999999999979499 0
2 0.9999999999973885 0
2 1.199999999997894 0
2 1.39999999999842 0
2 1.599999999998947 0
2 1.799999999999474 0
1 3 0 9
27
28
29
30
31
32
33
34
35
1.799999999999167 2 0
1.6 2 0
1.400000000001387 2 0
1.200000000002774 2 0
1.000000000004117 2 0
0.8000000000033287 2 0
0.6000000000024965 2 0
0.4000000000016644 2 0
0.200000000000832 2 0
1 4 0 9
36
37
38
39
40
41
42
43
44
0 1.799999999999167 0
0 1.6 0
0 1.400000000001387 0
0 1.200000000002774 0
0 1.000000000004117 0
0 0.8000000000033287 0
0 0.6000000000024965 0
0 0.4000000000016644 0
0 0.200000000000832 0
1 5 0 9
45
46
47
48
49
50
51
52
53
0.1999999999996294 0 2
0.3999999999991158 0 2
0.5999999999985328 0 2
0.7999999999979499 0 2
0.9999999999973885 0 2
1.199999999997894 0 2
1.39999999999842 0 2
1.599999999998947 0 2
1.799999999999474 0 2
1 6 0 9
54
55
56
57
58
59
60
61
62
2 0.1999999999996294 2
2 0.3999999999991158 2
2 0.5999999999985328 2
2 0.7999999999979499 2
2 0.9999999999973885 2
2 1.199999999997894 2
2 1.39999999999842 2
2 1.599999999998947 2
2 1.799999999999474 2
1 7 0 9
63
64
65
66
67
68
69
70
71
1.799999999999167 2 2
1.6 2 2
1.400000000001387 2 2
1.200000000002774 2 2
1.000000000004117 2 2
0.8000000000033287 2 2
0.6000000000024965 2 2
0.4000000000016644 2 2
0.200000000000832 2 2
1 8 0 9
72
73
74
75
76
77
78
79
80
0 1.799999999999167 2
0 1.6 2
0 1.400000000001387 2
0 1.200000000002774 2
0 1.000000000004117 2
0 0.8000000000033287 2
0 0.6000000000024965 2
0 0.4000000000016644 2
0 0.200000000000832 2
1 9 0 9
81
82
83
84
85
86
87
88
89
0 0 0.1999999999996294
0 0 0.3999999999991158
0 0 0.5999999999985328
0 0 0.7999999999979499
0 0 0.9999999999973885
0 0 1.199999999997894
0 0 1.39999999999842
0 0 1.599999999998947
0 0 1.799999999999474
1 10 0 9
90
91
92
93
94
95
96
97
98
2 0 0.1999999999996294
2 0 0.3999999999991158
2 0 0.5999999999985328
2 0 0.7999999999979499
2 0 0.9999999999973885
2 0 1.199999999997894
2 0 1.39999999999842
2 0 1.599999999998947
2 0 1.799999999999474
1 11 0 9
99
100
101
102
103
104
105
106
107
2 2 0.1999999999996294
2 2 0.3999999999991158
2 2 0.5999999999985328
2 2 0.7999999999979499
2 2 0.9999999999973885
2 2 1.199999999997894
2 2 1.39999999999842
2 2 1.599999999998947
2 2 1.799999999999474
1 12 0 9
108
109
110
111
112
113
114
115
116
0 2 0.1999999999996294
0 2 0.3999999999991158
0 2 0.5999999999985328
0 2 0.7999999999979499
0 2 0.9999999999973885
0 2 1.199999999997894
0 2 1.39999999999842
0 2 1.599999999998947
0 2 1.799999999999474
2 1 0 102
117
118
119
120
121
122
123
124
125
126
127
128
129
130
131
132
133
134
135
136
137
138
139
140
141
142
143
144
145
146
147
148
149
150
151
152
153
154
155
156
157
158
159
160
161
162
163
164
165
166
167
168
169
170
171
172
173
174
175
176
177
178
179
180
181
182
183
184
185
186
187
188
189
190
191
192
193
194
195
196
197
198
199
200
201
202
203
204
205
206
207
208
209
210
211
212
213
214
215
216
217
218
0.900000000003723 1.826794919243353 0
0.1847358548213032 0.9211485614762488 0
1.099999999997641 0.1732050807568634 0
1.830443437355525 1.093680581254996 0
1.3000000000016 1.826794919243903 0
0.1777086041451739 1.301840399804413 0
1.826794919243617 0.6999999999982414 0
0.6950607270485121 0.1638149760994949 0
1.820740775008676 1.517345130941464 0
0.5016346035253739 1.827738658026076 0
1.491957606462953 0.1591845137935782 0
0.1732050807576084 0.5000000000020804 0
0.1811394494894966 1.681634876187731 0
1.699152526143506 1.830645590989637 0
0.3008474738555784 0.1693544090108651 0
1.834100519170488 0.3011864633980461 0
0.7002724339239317 1.826952209040272 0
0.8000454056573846 1.653616053453022 0
1.000007567611937 1.65359420764838 0
0.9000088288808401 1.480389855085707 0
1.100002732750298 1.480386335484108 0
1.000001926940874 1.307180789493272 0
0.7993320645370443 1.307924820132063 0
0.8985780524300455 1.134826473427897 0
1.099763329897034 1.134116761173965 0
0.999723563723798 0.9609351891572211 0
1.199914482271881 0.9608208219049869 0
0.7984059898766712 0.9616666085430474 0
0.8996882589364863 0.7877415625027969 0
0.7016028290227541 0.7888522462785401 0
1.299946302029371 1.13400684145249 0
1.408908437132349 0.9673218548317958 0
1.301470486569258 0.7886650423424518 0
0.5978834246240641 0.961563956484115 0
0.8002151813300289 0.6146035105120854 0
0.6000000000058712 0.6143593539507011 0
0.9999839067137836 0.6144295680106011 0
0.9000000000049989 0.4411542731947804 0
1.503224959593467 1.140260647279212 0
1.400528543604731 1.308232726358098 0
1.507071621879501 0.7974509341787863 0
1.400000000002477 0.614359353951317 0
1.600000000000781 1.307179676976545 0
1.494286820411958 1.477210901057219 0
1.100000000004287 0.4411542731951005 0
1.621962108517268 0.6095072196309432 0
1.497547473425311 0.4431255172155734 0
0.6003254071870487 1.653777712410295 0
0.3988178468917707 1.659396352337189 0
0.4998572090177074 1.482115766704408 0
0.2989878221174916 1.486320296493853 0
0.3934859835968772 1.306972722429463 0
0.295012941679048 1.119378313456664 0
0.492279295083244 1.129517045151103 0
0.4012251009105144 0.9477670424836004 0
0.3259163639487003 0.7607772950726935 0
0.6977464710931699 1.134511707798216 0
1.200001716728062 1.653590829639959 0
1.798836791198517 1.305796777858586 0
1.299999999998267 0.1732050807572805 0
1.831548194028355 0.8989467635407041 0
1.633591223747666 0.9799634669462651 0
0.8996999955675657 0.1678691311860475 0
1.100001547392035 1.826795812629266 0
0.4943787605321717 0.1681465941214597 0
0.3712686200257848 0.3588078982851349 0
1.826493963489911 0.5017822805040001 0
1.200040472537306 1.307384701948961 0
1.499858754357815 1.827436697868349 0
0.6984013909914333 0.4576654740485118 0
1.10013011636976 0.7878252563115772 0
1.29914338100547 1.480065888829384 0
1.398881778750806 1.653114845854568 0
1.200264084943815 0.6145979611676824 0
1.630081483640304 1.636604873410819 0
1.300000000003327 0.4411542731950466 0
0.699928152547996 1.481565925139427 0
0.5971048626460064 1.30710133122578 0
0.3061357562083407 1.835744924964863 0
1.833507412850811 1.701743707511991 0
0.1659325823195119 0.2997750904217314 0
0.3781151340936983 0.5881684724315875 0
1.68818677972091 0.1877086879541869 0
0.500790475434267 0.7769147277835395 0
0.159456078270626 0.698702551412523 0
1.676106234008095 0.3999999999991218 0
1.681385787655127 0.7985579983963953 0
0.5796522307036157 0.3267998604584093 0
0.1315671751504324 1.493959114497477 0
1.399999999998433 0.307179676974275 0
1.199999999997675 0.3071796769735017 0
0.9999999999978009 0.3071796769731952 0
0.7954690573856543 0.3107472319934065 0
1.665192378864314 1.460288568300281 0
0.1305125270633428 1.100000000003446 0
1.673219282379191 1.165376230063121 0
0.5227745224530993 0.4719781209104287 0
1.853589838486196 1.853589838486278 0
0.1464101615137521 1.853589838486248 0
1.853589838486463 0.1464101615132964 0
0.1464101615132446 0.1464101615135668 0
1.55075961872314 0.299439679187347 0
2 2 0 102
219
220
221
222
223
224
225
226
227
228
229
230
231
232
233
234
235
236
237
238
239
240
241
242
243
244
245
246
247
248
249
250
251
252
253
254
255
256
257
258
259
260
261
262
263
264
265
266
267
268
269
270
271
272
273
274
275
276
277
278
279
280
281
282
283
284
285
286
287
288
289
290
291
292
293
294
295
296
297
298
299
300
301
302
303
304
305
306
307
308
309
310
311
312
313
314
315
316
317
318
319
320
0.900000000003723 1.826794919243353 2
0.1847358548213032 0.9211485614762488 2
1.099999999997641 0.1732050807568634 2
1.830443437355525 1.093680581254996 2
1.3000000000016 1.826794919243903 2
0.1777086041451739 1.301840399804413 2
1.826794919243617 0.6999999999982414 2
0.6950607270485121 0.1638149760994949 2
1.820740775008676 1.517345130941464 2
0.5016346035253739 1.827738658026076 2
1.491957606462953 0.1591845137935782 2
0.1732050807576084 0.5000000000020804 2
0.1811394494894966 1.681634876187731 2
1.699152526143506 1.830645590989637 2
0.3008474738555784 0.1693544090108651 2
1.834100519170488 0.3011864633980461 2
0.7002724339239317 1.826952209040272 2
0.8000454056573846 1.653616053453022 2
1.000007567611937 1.65359420764838 2
0.9000088288808401 1.480389855085707 2
1.100002732750298 1.480386335484108 2
1.000001926940874 1.307180789493272 2
0.7993320645370443 1.307924820132063 2
0.8985780524300455 1.134826473427897 2
1.099763329897034 1.134116761173965 2
0.999723563723798 0.9609351891572211 2
1.199914482271881 0.9608208219049869 2
0.7984059898766712 0.9616666085430474 2
0.8996882589364863 0.7877415625027969 2
0.7016028290227541 0.7888522462785401 2
1.299946302029371 1.13400684145249 2
1.408908437132349 0.9673218548317958 2
1.301470486569258 0.7886650423424518 2
0.5978834246240641 0.961563956484115 2
0.8002151813300289 0.6146035105120854 2
0.6000000000058712 0.6143593539507011 2
0.9999839067137836 0.6144295680106011 2
0.9000000000049989 0.4411542731947804 2
1.503224959593467 1.140260647279212 2
1.400528543604731 1.308232726358098 2
1.507071621879501 0.7974509341787863 2
1.400000000002477 0.614359353951317 2
1.600000000000781 1.307179676976545 2
1.494286820411958 1.477210901057219 2
1.100000000004287 0.4411542731951005 2
1.621962108517268 0.6095072196309432 2
1.497547473425311 0.4431255172155734 2
0.6003254071870487 1.653777712410295 2
0.3988178468917707 1.659396352337189 2
0.4998572090177074 1.482115766704408 2
0.2989878221174916 1.486320296493853 2
0.3934859835968772 1.306972722429463 2
0.295012941679048 1.119378313456664 2
0.492279295083244 1.129517045151103 2
0.4012251009105144 0.9477670424836004 2
0.3259163639487003 0.7607772950726935 2
0.6977464710931699 1.134511707798216 2
1.200001716728062 1.653590829639959 2
1.798836791198517 1.305796777858586 2
1.299999999998267 0.1732050807572805 2
1.831548194028355 0.8989467635407041 2
1.633591223747666 0.9799634669462651 2
0.8996999955675657 0.1678691311860475 2
1.100001547392035 1.826795812629266 2
0.4943787605321717 0.1681465941214597 2
0.3712686200257848 0.3588078982851349 2
1.826493963489911 0.5017822805040001 2
1.200040472537306 1.307384701948961 2
1.499858754357815 1.827436697868349 2
0.6984013909914333 0.4576654740485118 2
1.10013011636976 0.7878252563115772 2
1.29914338100547 1.480065888829384 2
1.398881778750806 1.653114845854568 2
1.200264084943815 0.6145979611676824 2
1.630081483640304 1.636604873410819 2
1.300000000003327 0.4411542731950466 2
0.699928152547996 1.481565925139427 2
0.5971048626460064 1.30710133122578 2
0.3061357562083407 1.835744924964863 2
1.833507412850811 1.701743707511991 2
0.1659325823195119 0.2997750904217314 2
0.3781151340936983 0.5881684724315875 2
1.68818677972091 0.1877086879541869 2
0.500790475434267 0.7769147277835395 2
0.159456078270626 0.698702551412523 2
1.676106234008095 0.3999999999991218 2
1.681385787655127 0.7985579983963953 2
0.5796522307036157 0.3267998604584093 2
0.1315671751504324 1.493959114497477 2
1.399999999998433 0.307179676974275 2
1.199999999997675 0.3071796769735017 2
0.9999999999978009 0.3071796769731952 2
0.7954690573856543 0.3107472319934065 2
1.665192378864314 1.460288568300281 2
0.1305125270633428 1.100000000003446 2
1.673219282379191 1.165376230063121 2
0.5227745224530993 0.4719781209104287 2
1.853589838486196 1.853589838486278 2
0.1464101615137521 1.853589838486248 2
1.853589838486463 0.1464101615132964 2
0.1464101615132446 0.1464101615135668 2
1.55075961872314 0.299439679187347 2
2 3 0 104
321
322
323
324
325
326
327
328
329
330
331
332
333
334
335
336
337
338
339
340
341
342
343
344
345
346
347
348
349
350
351
352
353
354
355
356
357
358
359
360
361
362
363
364
365
366
367
368
369
370
371
372
373
374
375
376
377
378
379
380
381
382
383
384
385
386
387
388
389
390
391
392
393
394
395
396
397
398
399
400
401
402
403
404
405
406
407
408
409
410
411
412
413
414
415
416
417
418
419
420
421
422
423
424
1.812787049868566 0 1.074290639962923
0.1690598923239779 0 1.099999999997835
1.099999999997641 0 0.1732050807568634
1.099999999997641 0 1.826794919243137
0.6999999999982414 0 1.826794919243617
1.822291395855605 0 0.6981596001956851
0.1732050807564594 0 0.6999999999982394
0.6999999999985222 0 0.1732050807567328
1.491957606462563 0 1.840815486206342
0.1774501955296526 0 1.495916934324135
1.4983653964757 0 0.1722613419735866
1.826794919242656 0 1.499999999998683
0.1915825289312563 0 0.3172229936148686
0.3108881091785857 0 1.809009434379119
1.818860550511076 0 0.3183651238113698
1.299727566077422 0 0.1730477909597476
1.199954594344161 0 0.3463839465474373
0.9999924323890667 0 0.3464057923523585
1.099991171120565 0 0.5196101449154198
0.8999972672505301 0 0.5196136645172015
0.9999980730603395 0 0.6928192105084234
1.199834816105401 0 0.693300557242279
1.099339370389439 0 0.866470591834021
0.8998895739070499 0 0.8660994163715041
0.9998714907143956 0 1.039317017979103
1.19911498980596 0 1.039754130734574
0.799999999998102 0 1.039230484538922
0.8999785817838359 0 1.212449987535418
0.6999964302958936 0 1.212437969001919
0.6839101849482933 0 0.8396966056083195
0.7999958353451442 0 1.385643450376215
0.9999957361862206 0 1.38564351714596
0.599999999998303 0 1.385640646051626
0.8999999999974916 0 1.558845726808262
0.4946576037868831 0 1.203824957606538
1.099999999996933 0 1.558845726808349
1.199999289361654 0 1.38564112456767
1.299999999996499 0 1.558845726808527
1.399999881557326 0 1.385640725804651
1.496213518915967 0 1.556579775877126
1.628934715303499 0 1.39449659241812
1.499999999996485 0 1.212435565295268
0.3701150507649074 0 1.391985263688639
0.5019666548485874 0 1.556945004188306
1.399674592814751 0 0.34622228758963
1.601182153109748 0 0.3406036476622165
1.500142790985056 0 0.5200967459489982
1.701012177884674 0 0.5139430978690017
1.606250437159475 0 0.6958134112298727
1.705313434322405 0 0.8774127081342393
1.505223116647989 0 0.8713528562019385
1.608676393944982 0 1.043685883166747
1.401275749012211 0 0.6947327038809699
0.1732050807572822 0 1.299999999998263
1.826794919242693 0 1.29999999999822
1.29999999999822 0 1.826794919242692
0.7999982832723576 0 0.3464091703609834
0.7118794737712422 0 0.51275576858746
0.1725142160177763 0 0.8999999999978288
0.3445292689542406 0 0.7969416339940648
0.3391075128579256 0 0.6115958639184618
0.5079748350872678 0 0.7168608666004214
0.373045823379165 0 1.017378125729586
0.8999999999980357 0 1.826794919243194
0.8999984526088208 0 0.1732041873711563
0.6040522203895197 0 0.3440701378787873
0.502309973586653 0 0.1718713380338807
0.4053071247422192 0 0.3288901111838829
1.834100519169686 0 1.698813536600526
0.6999999999980369 0 1.558845726808173
0.508199769915044 0 1.836907499945794
0.8090867166246716 0 0.6816383987339336
1.099826681308121 0 1.212540223876396
0.5999999999986669 0 1.03923048453877
0.1692583269434131 0 0.5148361402924193
1.299702764431543 0 1.21261006731486
1.299999999996917 0 0.5196152422702086
1.399851291668866 0 1.04008960054462
1.298534909246397 0 0.8679109459438206
0.1597836517648108 0 1.693030798037022
1.693864243792177 0 0.1642550750347172
0.3076016314620537 0 0.1607324340576802
1.688186779720197 0 1.812291312045253
0.5106421449842141 0 0.5141523909543635
0.5090207516560643 0 0.8816498039744279
1.676106234005245 0 1.599999999998943
0.3239534443673303 0 1.599668581033995
0.3160166902024432 0 1.202637669404172
1.676322487076225 0 1.20634154398308
1.868432824850271 0 0.506093564374741
0.7999999999979153 0 1.69282032302579
0.5999999999985327 0 1.692820323025972
0.9999999999974355 0 1.692820323025702
1.199999999997162 0 1.692820323025563
1.399999999996246 0 1.692820323024967
1.8691206734453 0 0.8973897828121131
0.1464101615134489 0 0.1464101615134489
1.853589838485807 0 1.853589838485807
0.1464101615132963 0 1.853589838486463
1.853589838486463 0 0.1464101615132964
0.4459469998489417 0 1.697284498375042
1.550492827820044 0 1.700501379430526
0.6536900942568442 0 0.6567229422940046
0.3146548101105081 0 0.4594538973259594
2 4 0 104
425
426
427
428
429
430
431
432
433
434
435
436
437
438
439
440
441
442
443
444
445
446
447
448
449
450
451
452
453
454
455
456
457
458
459
460
461
462
463
464
465
466
467
468
469
470
471
472
473
474
475
476
477
478
479
480
481
482
483
484
485
486
487
488
489
490
491
492
493
494
495
496
497
498
499
500
501
502
503
504
505
506
507
508
509
510
511
512
513
514
515
516
517
518
519
520
521
522
523
524
525
526
527
528
2 1.812787049868566 1.074290639962923
2 0.1690598923239779 1.099999999997835
2 1.099999999997641 0.1732050807568634
2 1.099999999997641 1.826794919243137
2 0.6999999999982414 1.826794919243617
2 1.822291395855605 0.6981596001956851
2 0.1732050807564594 0.6999999999982394
2 0.6999999999985222 0.1732050807567328
2 1.822549804469031 1.49591693432426
2 0.1774501955296526 1.495916934324135
2 1.4983653964757 0.1722613419735866
2 1.493614914945101 1.839871747422578
2 0.1915825289312563 0.3172229936148686
2 0.3108881091785857 1.809009434379119
2 1.818860550511076 0.3183651238113698
2 1.299727566077422 0.1730477909597476
2 1.199954594344161 0.3463839465474373
2 0.9999924323890667 0.3464057923523585
2 1.099991171120565 0.5196101449154198
2 0.8999972672505301 0.5196136645172015
2 0.9999980730603395 0.6928192105084234
2 1.199834816105401 0.693300557242279
2 1.099339370389439 0.866470591834021
2 0.8998895739070499 0.8660994163715041
2 0.9998714907143956 1.039317017979103
2 1.19911498980596 1.039754130734575
2 0.799999999998102 1.039230484538922
2 0.8999785817838359 1.212449987535418
2 0.6999964302958936 1.212437969001919
2 0.6839101849482933 0.8396966056083195
2 0.7999958353451442 1.385643450376215
2 0.9999957361862206 1.38564351714596
2 0.599999999998303 1.385640646051626
2 0.8999999999974916 1.558845726808262
2 0.4946576037868831 1.203824957606538
2 1.099999999996933 1.558845726808349
2 1.199999289361654 1.38564112456767
2 1.299999999996499 1.558845726808527
2 1.399999881557326 1.385640725804651
2 1.496218168538447 1.556559645959435
2 1.628320409085423 1.393863076052837
2 1.499999999996484 1.212435565295267
2 0.3701150507649074 1.391985263688639
2 0.5019666548485874 1.556945004188306
2 1.399674592814751 0.34622228758963
2 1.601182153109748 0.3406036476622165
2 1.500142790985056 0.5200967459489982
2 1.701012177884674 0.5139430978690017
2 1.606250437159475 0.6958134112298727
2 1.705313434322405 0.8774127081342393
2 1.505223116647989 0.8713528562019385
2 1.608676393944982 1.043685883166747
2 1.401275749012211 0.6947327038809699
2 0.1732050807572822 1.299999999998263
2 1.29999999999822 1.826794919242693
2 1.826794919242693 1.29999999999822
2 0.7999982832723576 0.3464091703609834
2 0.7118794737712422 0.51275576858746
2 0.1725142160177763 0.8999999999978288
2 0.3445292689542406 0.7969416339940648
2 0.3391075128579256 0.6115958639184618
2 0.5079748350872678 0.7168608666004214
2 0.373045823379165 1.017378125729586
2 0.8999999999980357 1.826794919243194
2 0.8999984526088208 0.1732041873711563
2 0.6040522203895197 0.3440701378787873
2 0.502309973586653 0.1718713380338807
2 0.4053071247422192 0.3288901111838829
2 1.688199735812006 1.810877552690214
2 0.6999999999980369 1.558845726808173
2 0.508199769915044 1.836907499945794
2 0.8090867166246716 0.6816383987339336
2 1.099826681308121 1.212540223876396
2 0.5999999999986669 1.03923048453877
2 0.1692583269434131 0.5148361402924193
2 1.299702764431543 1.21261006731486
2 1.299999999996917 0.5196152422702086
2 1.399851291668866 1.040089600544621
2 1.298534909246397 0.8679109459438206
2 0.1597836517648108 1.693030798037022
2 1.693864243792177 0.1642550750347172
2 0.3076016314620537 0.1607324340576802
2 1.840064322399455 1.693342151088802
2 0.5106421449842141 0.5141523909543635
2 0.5090207516560643 0.8816498039744279
2 1.676046555629856 1.599668581034078
2 0.3239534443673303 1.599668581033995
2 0.3160166902024432 1.202637669404172
2 1.676153293735374 1.206103954932539
2 1.868432824850271 0.506093564374741
2 0.7999999999979153 1.69282032302579
2 0.5999999999985327 1.692820323025972
2 0.9999999999974354 1.692820323025702
2 1.199999999997162 1.692820323025563
2 1.399999999996246 1.692820323024967
2 1.8691206734453 0.8973897828121131
2 0.1464101615134489 0.1464101615134489
2 1.85358983848584 1.85358983848584
2 0.1464101615132963 1.853589838486463
2 1.853589838486463 0.1464101615132964
2 0.4459469998489417 1.697284498375042
2 1.550815874984331 1.699959570026254
2 0.6536900942568442 0.6567229422940046
2 0.3146548101105081 0.4594538973259594
2 5 0 104
529
530
531
532
533
534
535
536
537
538
539
540
541
542
543
544
545
546
547
548
549
550
551
552
553
554
555
556
557
558
559
560
561
562
563
564
565
566
567
568
569
570
571
572
573
574
575
576
577
578
579
580
581
582
583
584
585
586
587
588
589
590
591
592
593
594
595
596
597
598
599
600
601
602
603
604
605
606
607
608
609
610
611
612
613
614
615
616
617
618
619
620
621
622
623
624
625
626
627
628
629
630
631
632
0.900000000003723 2 1.826794919243353
0.9000000000034176 2 0.1732050807566627
1.830940107676166 2 1.099999999997861
0.1872129501318173 2 1.074290639963596
1.300000000001716 2 0.1732050807561329
1.30000000000208 2 1.826794919244314
0.1777086041452557 2 0.6981596001959876
1.826794919243572 2 0.6999999999982833
0.5063850850567411 2 1.839871747421705
1.82254980447052 2 1.495916934323589
0.5016346035254342 2 0.1722613419739028
0.1774501955319106 2 1.495916934323862
1.682777006384852 2 0.1915825289311265
1.689111890820664 2 1.809009434379088
0.1811394494895751 2 0.3183651238116547
0.7002724339238935 2 0.173047790959756
0.800045405657372 2 0.3463839465470649
1.000007567611992 2 0.3464057923516711
0.9000088288809851 2 0.5196101449144298
1.100002732750477 2 0.5196136645159406
1.000001926941125 2 0.6928192105068536
0.800165183896687 2 0.693300557241213
0.9006606296128595 2 0.8664705918324233
1.100110426094448 2 0.8660994163694413
1.000128509287563 2 1.03931701797678
0.8008850101970293 2 1.039754130732825
1.200000000003314 2 1.039230484536309
1.100021418218055 2 1.212449987532545
1.300003569705531 2 1.212437968998789
1.316089815052713 2 0.8396966056065771
1.200004164656713 2 1.385643450372803
1.000004263816133 2 1.385643517142782
1.400000000003103 2 1.385640646047984
1.100000000004815 2 1.558845726804538
1.50534239621406 2 1.2038249576043
0.9000000000059254 2 1.558845726804853
0.8000007106411742 2 1.385641124564734
0.7000000000067987 2 1.558845726805358
0.600000118445845 2 1.385640725801944
0.5037818314650228 2 1.556559645956859
0.3716795909167714 2 1.393863076052125
0.5000000000065828 2 1.212435565292822
1.629884949235793 2 1.391985263687161
1.498033345152419 2 1.556945004185051
0.6003254071870017 2 0.3462222875898113
0.3988178468917765 2 0.3406036476627573
0.4998572090172774 2 0.5200967459501071
0.2989878221172609 2 0.5139430978698256
0.3937495628420845 2 0.6958134112313902
0.2946865656781766 2 0.8774127081350852
0.4947768833531486 2 0.8713528562039732
0.3913236060541074 2 1.043685883167971
0.5987242509901232 2 0.6947327038813988
0.7000000000028176 2 1.826794919242446
1.826794919242753 2 1.299999999998324
1.200001716728215 2 0.3464091703600646
1.288120526229309 2 0.5127557685862072
1.100000000002763 2 1.826794919243439
0.1732050807573188 2 1.299999999998199
1.827485783982291 2 0.899999999997847
1.655470731046022 2 0.796941633993924
1.655099933409203 2 0.6015628665473616
1.49105973929111 2 0.7151887003709941
1.62695417662142 2 1.017378125728672
1.300000000003723 2 1.558845726804219
1.100001547392038 2 0.1732041873707552
0.3118002641893771 2 1.810877552689769
1.827990340514333 2 0.5018950812794293
1.670948513788721 2 0.4048230837171545
1.385914782239701 2 0.3382775841448853
1.484748967400392 2 0.1691200054911977
1.491800230084356 2 1.836907499945517
1.190913283376402 2 0.6816383987323352
0.9001733186943717 2 1.212540223873822
1.400000000002304 2 1.039230484535901
0.7002972355715122 2 1.212610067312591
0.7000000000053572 2 0.5196152422695257
0.6001487083345391 2 1.040089600543576
0.7014650907570759 2 0.8679109459434005
1.84021634823505 2 1.693030798036894
1.839217616528991 2 0.3074518092400149
0.306135756208482 2 0.1642550750349099
0.1599356776013524 2 1.69334215108864
1.48172854056044 2 0.5061583670415194
1.490979248344947 2 0.8816498039731721
0.3239534443723896 2 1.599668581034145
1.676046555632919 2 1.599668581033988
1.683983309798039 2 1.202637669403264
0.3238467062665334 2 1.206103954934414
1.200000000003008 2 1.692820323024754
1.400000000001388 2 1.692820323024879
0.1315671751504184 2 0.5060935643750233
1.00000000000415 2 1.69282032302429
0.8000000000051382 2 1.692820323023786
0.6000000000074154 2 1.692820323022416
0.1308793265550706 2 0.8973897828122082
1.853589838486043 2 0.1464101615136339
1.853589838486196 2 1.853589838486278
0.1464101615144369 2 1.853589838485645
0.1464101615135668 2 0.1464101615132446
1.554053000150426 2 1.697284498374024
0.4491841250181892 2 1.699959570024979
1.341154273190338 2 0.6588457268089916
1.539802015774696 2 0.3116548391150413
2 6 0 104
633
634
635
636
637
638
639
640
641
642
643
644
645
646
647
648
649
650
651
652
653
654
655
656
657
658
659
660
661
662
663
664
665
666
667
668
669
670
671
672
673
674
675
676
677
678
679
680
681
682
683
684
685
686
687
688
689
690
691
692
693
694
695
696
697
698
699
700
701
702
703
704
705
706
707
708
709
710
711
712
713
714
715
716
717
718
719
720
721
722
723
724
725
726
727
728
729
730
731
732
733
734
735
736
0 0.900000000003723 1.826794919243353
0 0.9000000000034176 0.1732050807566627
0 1.830940107676166 1.099999999997861
0 0.1872129501318173 1.074290639963596
0 1.300000000001716 0.1732050807561328
0 1.30000000000208 1.826794919244314
0 0.1777086041452557 0.6981596001959876
0 1.826794919243572 0.6999999999982833
0 0.5063850850567411 1.839871747421705
0 1.82254980447052 1.495916934323589
0 0.5016346035254342 0.1722613419739028
0 0.1774501955319106 1.495916934323862
0 1.682777006384852 0.1915825289311261
0 1.689111890820664 1.809009434379088
0 0.1811394494895751 0.3183651238116547
0 0.7002724339238935 0.173047790959756
0 0.800045405657372 0.3463839465470649
0 1.000007567611992 0.3464057923516711
0 0.9000088288809851 0.5196101449144298
0 1.100002732750477 0.5196136645159406
0 1.000001926941125 0.6928192105068536
0 0.800165183896687 0.693300557241213
0 0.9006606296128595 0.8664705918324233
0 1.100110426094448 0.8660994163694413
0 1.000128509287563 1.03931701797678
0 0.8008850101970293 1.039754130732825
0 1.200000000003314 1.039230484536309
0 1.100021418218055 1.212449987532545
0 1.300003569705531 1.212437968998789
0 1.316089815052713 0.8396966056065771
0 1.200004164656713 1.385643450372803
0 1.000004263816133 1.385643517142782
0 1.400000000003103 1.385640646047984
0 1.100000000004815 1.558845726804538
0 1.50534239621406 1.2038249576043
0 0.9000000000059254 1.558845726804853
0 0.8000007106411742 1.385641124564734
0 0.7000000000067987 1.558845726805358
0 0.600000118445845 1.385640725801944
0 0.5037818314650228 1.556559645956859
0 0.3716795909167714 1.393863076052125
0 0.5000000000065828 1.212435565292822
0 1.629884949235793 1.391985263687161
0 1.498033345152419 1.556945004185051
0 0.6003254071870017 0.3462222875898113
0 0.3988178468917765 0.3406036476627573
0 0.4998572090172774 0.5200967459501071
0 0.2989878221172609 0.5139430978698256
0 0.3937495628420845 0.6958134112313902
0 0.2946865656781766 0.8774127081350852
0 0.4947768833531486 0.8713528562039732
0 0.3913236060541074 1.043685883167971
0 0.5987242509901232 0.6947327038813988
0 0.7000000000028176 1.826794919242446
0 1.826794919242753 1.299999999998324
0 1.200001716728215 0.3464091703600646
0 1.288120526229309 0.5127557685862072
0 1.100000000002763 1.826794919243439
0 0.1732050807573188 1.299999999998199
0 1.827485783982291 0.899999999997847
0 1.655470731046022 0.796941633993924
0 1.655099933409203 0.6015628665473616
0 1.49105973929111 0.7151887003709941
0 1.62695417662142 1.017378125728672
0 1.300000000003723 1.558845726804219
0 1.100001547392038 0.1732041873707552
0 0.3118002641893771 1.810877552689769
0 1.827990340514333 0.5018950812794293
0 1.670948513788721 0.4048230837171541
0 1.385914782239701 0.338277584144885
0 1.484748967400392 0.1691200054911972
0 1.491800230084356 1.836907499945517
0 1.190913283376402 0.6816383987323352
0 0.9001733186943717 1.212540223873822
0 1.400000000002304 1.039230484535901
0 0.7002972355715122 1.212610067312591
0 0.7000000000053572 0.5196152422695257
0 0.6001487083345391 1.040089600543576
0 0.7014650907570759 0.8679109459434005
0 1.84021634823505 1.693030798036894
0 1.839217616528992 0.3074518092400147
0 0.306135756208482 0.1642550750349099
0 0.1599356776013524 1.69334215108864
0 1.48172854056044 0.5061583670415191
0 1.490979248344947 0.8816498039731721
0 0.3239534443723896 1.599668581034145
0 1.676046555632919 1.599668581033988
0 1.683983309798039 1.202637669403264
0 0.3238467062665334 1.206103954934414
0 1.200000000003008 1.692820323024754
0 1.400000000001388 1.692820323024879
0 0.1315671751504184 0.5060935643750233
0 1.00000000000415 1.69282032302429
0 0.8000000000051382 1.692820323023786
0 0.6000000000074154 1.692820323022416
0 0.1308793265550706 0.8973897828122082
0 1.853589838486044 0.1464101615136338
0 1.853589838486196 1.853589838486278
0 0.1464101615144369 1.853589838485645
0 0.1464101615135668 0.1464101615132446
0 1.554053000150426 1.697284498374024
0 0.4491841250181892 1.699959570024979
0 1.341154273190338 0.6588457268089916
0 1.539802015774697 0.3116548391150398
3 1 0 403
737
738
739
740
741
742
743
744
745
746
747
748
749
750
751
752
753
754
755
756
757
758
759
760
761
762
763
764
765
766
767
768
769
770
771
772
773
774
775
776
777
778
779
780
781
782
783
784
785
786
787
788
789
790
791
792
793
794
795
796
797
798
799
800
801
802
803
804
805
806
807
808
809
810
811
812
813
814
815
816
817
818
819
820
821
822
823
824
825
826
827
828
829
830
831
832
833
834
835
836
837
838
839
840
841
842
843
844
845
846
847
848
849
850
851
852
853
854
855
856
857
858
859
860
861
862
863
864
865
866
867
868
869
870
871
872
873
874
875
876
877
878
879
880
881
882
883
884
885
886
887
888
889
890
891
892
893
894
895
896
897
898
899
900
901
902
903
904
905
906
907
908
909
910
911
912
913
914
915
916
917
918
919
920
921
922
923
924
925
926
927
928
929
930
931
932
933
934
935
936
937
938
939
940
941
942
943
944
945
946
947
948
949
950
951
952
953
954
955
956
957
958
959
960
961
962
963
964
965
966
967
968
969
970
971
972
973
974
975
976
977
978
979
980
981
982
983
984
985
986
987
988
989
990
991
992
993
994
995
996
997
998
999
1000
1001
1002
1003
1004
1005
1006
1007
1008
1009
1010
1011
1012
1013
1014
1015
1016
1017
1018
1019
1020
1021
1022
1023
1024
1025
1026
1027
1028
1029
1030
1031
1032
1033
1034
1035
1036
1037
1038
1039
1040
1041
1042
1043
1044
1045
1046
1047
1048
1049
1050
1051
1052
1053
1054
1055
1056
1057
1058
1059
1060
1061
1062
1063
1064
1065
1066
1067
1068
1069
1070
1071
1072
1073
1074
1075
1076
1077
1078
1079
1080
1081
1082
1083
1084
1085
1086
1087
1088
1089
1090
1091
1092
1093
1094
1095
1096
1097
1098
1099
1100
1101
1102
1103
1104
1105
1106
1107
1108
1109
1110
1111
1112
1113
1114
1115
1116
1117
1118
1119
1120
1121
1122
1123
1124
1125
1126
1127
1128
1129
1130
1131
1132
1133
1134
1135
1136
1137
1138
1139
1.000009482535801 1.000009480098835 1
1.368293769844509 1.36533975919941 0.6323996176334381
0.6348058982328924 1.368189247154712 0.6318884486500738
1.300043570044809 1.364770753926259 1.395111268960534
1.365582238591942 0.6313043933496402 0.6340575821522453
0.6312978431426149 0.6344068992884763 0.6341160305300615
0.700107740282552 0.6143587440902638 1.385677007236594
0.6029290682933269 1.397105517192841 1.241774158133344
1.396618085788098 0.6033482049390442 1.244546569615905
1.00040198882652 1.047124676593955 0.4973954538983674
1.499673743210423 1.078071040325146 1.028351337782841
0.9978930280906874 0.4973837885792348 0.9529886803930073
1.039045726474345 1.501266518506584 0.987448391482445
0.5005149403190594 0.919038244410704 1.032880491233203
0.9353267713395247 1.039839949486366 1.50890485364359
0.4605796173241659 1.007841545464856 1.496585413514422
1.55647247957793 0.9999999999972374 1.50111261390766
1.002418481601327 1.556519180881497 0.4434808191184884
1.00000000000464 0.4432963511533776 0.4424060541816127
1.56603506957299 0.9999932030899875 0.4618744303066979
0.4344497770370546 1.000006796911213 0.4618744303057075
0.4569020247062217 0.4589071466855917 1.02459935422061
0.9085759428460263 1.543560522147258 1.547818379964733
1.538933557668416 1.54246576911622 1.028268590185895
1.092784095559835 0.4535428901221734 1.54645710987785
1.579627862156909 0.3918267757501863 1.608165565826191
0.4106999650019229 1.587551817833311 0.916235981388285
1.589351967577239 0.4123351575103004 0.9193278544996609
0.4184515769324563 1.581871669168566 1.580150591025768
0.4844567445106887 0.4277996338938291 1.597988617871755
1.579646703483041 0.3918337533855438 0.3826106735199243
1.595103574343621 1.583421395440018 1.589422877172527
0.3909891361342514 1.580273838567936 0.393572504053424
0.3944186603005875 0.391846662085408 0.4180825897386113
1.578493848435612 1.61065685656368 0.3960780731274239
1.233912433151547 0.8113750952394965 1.615711745924602
0.7030881257714552 1.009179787769906 0.7271593628818204
1.274594371882906 0.9784771198782645 0.7446851826874694
1.240008936428187 1.001619394719003 1.29050013060515
0.3606092989322248 1.16692257501417 0.7891519181076427
1.641602635910888 0.8314529155047058 0.7864632231612327
1.015888118931691 0.7269240220524376 0.6705866270034299
0.8006139644272549 0.7826648339999883 0.3492342047653135
1.184315878064456 0.7702426112583141 0.3523291575060793
0.3487954783632365 0.7024225698580375 1.326626371417934
0.6777722852907904 1.270031920216996 1.640990419315911
1.642813809317243 1.287860337188136 1.292037269922108
0.7768240906435091 1.655664642085344 0.7953075464505344
1.651788182283419 0.3495867704570025 1.263133858163961
1.012036502145212 0.7243710145640621 1.235984761529008
1.242717585685897 1.644835790758906 1.641212485795122
1.127140876235874 1.656396550985239 1.293220513614723
1.254250970135222 1.223149126155732 0.3345343597598741
0.7727988011452045 1.268962028183047 0.9581656212572687
0.9864921860225054 1.259330109847325 1.238107449912937
0.7461063618730917 1.222643462962992 0.3345119661851438
1.665812450317146 1.254775428791917 0.7774456337989988
0.9048318020149876 0.3514316961905184 1.263026345427862
0.34277810375807 1.656159251423928 1.249642840270879
1.194119208746624 1.654162177772043 0.7165138809875325
1.252620516353383 0.3343421393024887 0.7786637174421066
0.3463753337821451 0.8071463874687653 0.7397825859290617
0.8002151791133987 1.6786131267762 1.155059171356733
1.033981117591432 1.32534405712152 0.6938973498745595
0.8044310838258426 0.3447303662494048 0.7102008644852518
1.199886532207533 1.19182261047211 1.675578144651058
0.896622842459893 0.7233184575952828 1.655159940997877
1.222116191987613 0.3241157123683471 1.142064171201179
0.3407843558721555 1.170146372659698 1.213110263263856
1.658774328610032 0.8305784490246488 1.214604933755116
1.666963335784331 0.7192530240581337 1.665837981648476
0.3211546314571172 0.70000000000648 1.66315353298846
0.7782872201765443 0.7535191307691955 0.9348685096225502
0.7084786006160263 1.674991389141314 0.3250086108586885
1.672532668030168 1.254826573481831 1.679994576508066
1.675002126468717 0.7107477403280331 0.3259688502737718
1.674569215283977 1.292586092224713 0.3301164649255467
1.264743329573494 0.7075432809487655 0.949348703987813
0.7547465533559414 1.017596454921925 1.227571942444418
1.223369169925504 1.233547832978386 0.9451760686858253
0.3233980974346525 0.3222593525405181 1.302930731379886
0.3306675108972809 1.267720177156546 1.66990092203112
0.3238714156205256 0.7096182689639042 0.3326224755262552
0.7095147706576523 0.3227305706356263 0.3244860125121334
1.682027136343079 1.682881107399448 1.288580095443135
1.272376039759217 1.684591023648335 0.3154089763516355
1.270895333566226 0.3155451072330254 0.3168261910639248
1.660541692141698 1.661623174856016 0.7277205527278341
0.3187023338589966 1.270048245252798 0.3168521716154372
0.7999999999977511 0.305974009965548 1.588512516842079
0.3170884025446154 0.4789404000058135 0.7266037220014007
0.7000000000061555 1.706421941181663 1.710526111231417
1.6885370527899 0.5464288420921345 0.6435743523763482
1.299999999998114 0.2916968018492413 1.708303198151433
0.6981442911100064 0.9624281793380235 1.702138908926022
0.5094966547239463 1.707600932773877 0.6490843937673807
0.3034609097080999 1.445089516227439 0.660509886873634
0.7392601943056865 0.346331476493846 1.007587820079558
0.2860135366273583 0.7074297508172109 1.018031648286203
1.34813884520541 0.3554535203117729 1.415928317892244
1.273921527279625 1.700985224957162 1.011601620833416
0.6608768018354807 1.651554053394324 1.418744760161038
0.5297748244341143 0.2827425682226842 0.7991202898184894
1.521848788236352 0.284903303671461 0.656578211072025
1.398240960224679 1.406354334667709 1.721065652653477
0.6161066899130162 0.2796365823796446 1.270176586260201
0.289307306606146 0.9851129023602798 1.732470271202259
1.406912850593075 1.635186157384866 1.372742061424026
0.9479395166199052 1.318812748849462 1.719489402318465
1.642863909870135 0.6064205538114023 1.399014419661082
1.000075847432129 1.328644105385704 0.2797720722093197
0.588145422835072 0.5881608907358954 0.2922283980632706
0.6124463529342319 0.6382186955193099 1.701037150799048
1.37563103812215 0.5741531239356158 1.71138136633535
1.541948385533138 0.6791415701494601 1.00456511961999
0.4936969569184107 1.323496899527732 0.9879810024899381
0.2929857849146612 1.401721271478769 1.38611958431557
1.410368239800437 0.6042924758680336 0.2874671399812603
1.727834755697792 1.436559864868379 0.568676883891802
0.9617538999974523 1.746979180716956 0.2530208192830641
1.277807705989319 1.443223880591641 1.1253835873792
0.9963137094905482 1.727213487108298 1.734110044302889
1.39623430169995 1.445774936420578 0.2556273136227445
0.8992584832957076 1.014617125440167 0.2470006536625265
1.724186312198519 0.9851759173092104 1.722014284610709
1.728695351558218 1.225323310036551 1.041022969127019
0.5854647837113576 1.435541127488457 0.2593801588500884
1.293125074125843 0.9903567247212041 0.4722943068833317
0.5964908339103359 0.6759314994835742 1.133052664725721
1.745814497930869 0.9643733019706097 0.2515042619935081
0.2508937441279125 0.9710589454644247 0.9410020827973826
0.6290807948135255 0.9805741939131468 0.270909328440982
1.030852187209461 0.2666472757044023 1.733352724295415
1.475550916619776 1.755381883820238 1.745972914624295
0.9792871546044039 1.755508655563282 0.936266997815121
0.8393674465743097 1.74081712253798 0.5492051505321907
0.2563837465975398 1.742050751767221 0.7497771368050472
1.061894662330564 0.2473344774031089 0.6130845368995815
1.428926331744621 1.743653828357236 0.5985998464238959
0.2544909401004229 1.745355349178964 1.725863403222506
1.451988095883049 1.101047554050819 1.733553760682042
0.9599310760144042 0.2508711399985227 0.2594674339996818
0.2561020879802025 0.2559506884545321 1.723964559968741
0.2580825056237978 1.009616753729049 0.2504137354913668
0.5452106365714313 1.741099863040183 1.092722825171909
0.954511072855288 1.081867010678251 0.7541271989784802
0.2673757276422211 1.437246918110409 1.098648038031102
1.739310808536631 0.962455225514928 0.9972280662437664
1.261201327693853 0.9610079001229109 1.028823452798323
1.425807218343516 0.8774835410884549 0.2594254517764726
1.05624015750367 0.2420744851022523 0.9567118891842187
0.8455294193962846 0.5408938027291212 0.2504746898424586
0.9000024849787922 1.756520865736167 1.385830394246031
0.2435048264629567 0.9426792898928519 1.303365027361188
1.05782628849421 0.9728107004408882 1.738180531594044
0.762704091678587 1.235195188942165 1.387130987961626
1.143436560514092 0.5317466320429675 0.241889666250329
1.749982115855055 1.750143163673767 1.731891453648198
0.2759382114570513 0.2771150188043837 0.9148126107156228
1.472674809879154 0.2497594817870366 1.094143368403301
0.6901159199080417 0.8761867480810579 1.447290165209029
0.5318521229263624 0.6760061625861579 0.8761267057812595
0.2418189312740821 1.195537623853362 0.5566724704755828
1.760983971692031 1.071705406953635 0.6187482517044622
1.747087923471159 0.5772025785046936 1.150126028639347
1.306914094573912 1.469583149567172 0.865613122010209
1.759240473185214 1.05477871597896 1.301899025927802
1.758016498997897 0.2642207772442616 0.5455958412136592
1.741541414422345 1.735951397938498 0.9884610928566219
1.099997635956695 0.240663377482834 1.395939576075288
1.761005566042674 1.481808163080498 1.753395778187085
1.759346454651983 0.804531302196853 0.5547817715707068
0.2508611170157306 1.752967121480889 0.2470328785192731
0.6774614252871426 1.51199607348382 0.9923009044585037
1.100135587850809 0.6007266708952029 1.760551715120619
1.469473466195999 1.129100076608458 0.6645794709654719
0.6208912631582916 0.2388602100206248 0.5597229195280649
1.05352148932571 1.33571834064744 1.479946436217535
1.757059119615183 0.247430503295871 1.735262460512928
0.2366309813570212 1.140888659122608 1.466982646922389
0.2594126947294602 0.5067116982206272 1.487283444447383
0.2459285719081721 0.2434956500573872 0.6366042096863407
1.437360450985553 0.7676333972965377 1.449870863465064
1.155250078534423 1.002866113914509 0.2488179457229376
1.484018105344802 1.13440483329433 0.2573405764864781
1.760919934196887 0.6018600326376529 0.8948732985811227
0.8338254862083937 1.220101388264721 0.579029824600958
0.2399739236650839 1.490481357462022 1.752629850016573
1.758204225003018 0.2592276517400162 0.2461213419630785
0.846060102712497 1.46944107038054 1.305032756400242
0.8311725095894676 0.5664567689774098 1.138801618805741
0.2623187434781921 0.2424973232527687 0.2484130181531204
1.764185839654103 0.853262437319098 1.470359708282969
1.410304984586591 1.188773032484072 1.242938462957212
1.758869988939393 0.4995241006074128 1.7497175210725
0.5084427913087802 1.258889281157159 1.442340731014632
0.599883393110621 1.478461339051659 1.765495410293408
0.7700024885556046 1.454582653979831 0.435071192330462
1.235252996307919 0.4310625056926809 0.5423770648527951
1.196991524048867 0.6524880906092617 1.409037121467324
0.7485554264682136 1.001086812214488 0.9755452814275325
1.75386705283412 1.746197673453221 0.2495545515610094
1.753216535085898 1.450704706801117 0.9194216463403515
0.6395134702834544 0.8650640794316284 0.5277027343001774
1.051819865155545 0.4804813637298315 0.7076253825672786
0.8222875103697381 0.4986220963100683 1.759907417072422
1.347059836047987 0.4680050652572655 0.9734768850019863
1.228394067690129 1.448198371106665 0.4417060495314736
1.758685317297846 0.2547933210549734 1.043121722568994
1.454124214766311 0.8419495170666702 1.749768653590491
1.025797124641751 0.7675174552100256 0.9156961344781926
0.2372287855276662 1.747531627207871 1.028657054429183
0.2402515878242321 1.752505969339071 0.4986603893457563
0.2313876228121405 0.4958086599981754 1.76254679872328
1.761339423801652 1.409235436658732 1.489815955831797
0.5256609485003928 1.232687572705155 0.4522230762838418
1.211957070040608 1.176199437657064 0.6119623054682387
0.2437449268045232 0.6576329433244186 0.5653858194601453
1.131109049529168 1.757049864740292 0.5026849893096258
0.8358604705472037 0.5859713805221815 0.7632040993579983
1.499302165891205 1.246247731985599 1.496010840890947
1.521327508953257 0.229325136699022 1.773427723493949
1.48665729458859 1.313013031857621 0.9425129281279684
0.4963375874906177 1.762888344232846 0.237111655767164
1.156796066084882 1.445661432655226 1.761209484117803
0.5051410278628123 0.8912225577516978 1.280681235197076
1.757387202342422 0.2593423886255034 1.478914278268862
0.9977704246024071 0.9717647175177546 1.246399793266978
1.47262963146522 0.2497417336996188 0.2159408998150342
1.458972689900675 1.752327300980298 0.8485653517205675
1.163917416654263 0.5640656120603303 1.124089729978055
0.9717225854537248 1.560465158443296 0.6848959661983087
1.728017248600907 0.2445778910776841 0.7941166713166393
0.5132902525310084 1.120751571978207 1.752501665411531
1.720587910574084 1.776169670953245 0.515375167192189
0.63760301423387 0.2327107657315968 1.769060857281401
1.410579779823939 0.8473159232628675 1.193413722720342
1.475487618661889 1.751660254526828 1.157658766858341
0.8540706198874282 0.6207184761755817 0.5229495025170422
0.24676123197257 1.753238768026523 1.468306486120544
0.2288260415150639 0.9536704759624169 0.5843823721499158
0.9936389263980709 0.7264342699641108 0.2126241763785778
1.754558091262086 1.475160483185507 1.168754518668127
1.45534175801761 0.8594167599973691 0.6294991796803573
1.311670114395363 1.028885814654744 1.526102082517843
0.2356958954367561 0.4903993166355307 0.2529192208612002
0.8744133967596357 1.525905592352285 0.2327765395320434
0.5663135535524093 1.135240837486878 1.125794017629472
0.4834653350026787 1.777601769529469 1.767593178909389
0.5065064945185576 0.4807962065269367 1.294040796317669
1.111435161247948 1.53224047493039 0.2310903258381543
0.8524902907465207 0.2343031633866335 0.4960872165981282
1.020914176671567 0.814269300150738 1.464132463392412
0.8340509710449022 1.520447920476685 1.774770628822618
0.2227862608823408 0.483122711755455 1.103935544122409
1.78952960209463 1.498869977796062 0.2875225008989355
0.5983632275969667 1.208892954689992 0.8062639318146115
0.2246603027352382 1.480895378549103 0.2525077639569741
0.8610918623534929 0.8893557021069286 0.6014502763314145
1.781963208760716 0.4984604323764158 0.2779657056333684
1.483855060690714 1.775620041540974 0.2513646081404488
1.429442347803197 0.8682572421647613 0.8881293671317146
0.4901961646921831 0.8469930134944392 1.764545069791133
0.5859768455146305 1.780705532775698 0.861928948242938
0.9353690440737792 0.5548577038871205 1.391915890183412
0.8076688691746504 1.422350814560288 0.7826586540898105
1.107040376312323 1.772711622110291 1.497141482440457
1.484431056560648 1.249995893035888 0.4627747623699588
0.5411960328494763 1.207149327727283 0.217790337694521
0.2337448477635236 0.875330489906467 1.530162019426137
1.000074704510107 1.797957761579987 1.162300843692245
0.5034881424791342 0.7359354723809147 1.508980839258714
1.001247312716699 1.271730861232525 1.005572847039735
1.543614913849029 1.457944121439515 0.7631685693027497
0.2389813018971993 1.207593336933035 0.9956100959236673
0.4993169787557451 0.2154673243385382 0.278494861716399
1.220231754552299 0.8083198570668335 0.5964811395888423
1.435312496313788 0.2088494923090448 0.4415934954256128
0.8689464019854414 1.105532925179318 1.770635681606048
1.769252165411165 1.106719443538067 1.52862551749678
0.8017117288136028 0.7973586081669941 1.16362416130775
0.4892134220848456 0.9755813441206594 0.8088007769642472
0.4382125724189546 0.223885543201858 1.104977779870821
1.438268677262078 0.2231462580034385 0.865182280492752
1.483738827435091 1.454896974613036 1.240699521349922
1.139833706769759 1.126385738641314 1.128175967655356
0.2166561510833822 1.404941792936768 0.873267244068662
1.200000000002541 1.799633884611036 1.799633131330318
0.7768416888926101 1.022876508701662 0.4381510103026408
0.601536862610884 0.2086306508553354 1.500223391846204
1.784236226011845 1.698114969106867 1.502567922893455
1.527968090424315 0.2134604799632485 1.465184760755292
0.5841573496525629 1.535355091988784 0.7781105485921417
0.6084520927569542 0.458331124349934 0.4840218683845882
0.6466066315964116 0.4780362128621418 0.8413337045749774
0.6646530043873528 1.426634200666198 1.471583414060632
1.536961973627756 0.6088180143480444 0.4807141473769049
1.008685415727152 1.778270316057181 0.7162528192039108
0.4568319699561428 0.7272114102622153 0.51830033229045
1.564606561463804 1.784845525749467 1.467782987980438
0.4775758867681457 1.782465055497905 1.477752284397971
1.523220838018042 0.5917104433254343 0.7944499323306359
1.152600916425429 0.4482493737902088 1.31945479474183
1.121628295531509 0.6199016255782348 0.5053349147001411
0.5646714381964153 1.796093025146165 0.4492914456979787
1.598061208150783 1.047301907936498 0.8291483491494029
1.053603314593743 1.261177044214098 0.4833157783899124
1.798280792988644 1.120663125842198 0.4032791596865384
1.446327879499113 0.5446951698267619 1.496659977558612
1.279523168488422 0.2059895950570776 0.5996258018134392
0.4364190077398249 0.8700175856276029 0.2130779394261742
0.5800725549958653 1.547471906355765 0.5091837239596533
1.112478213098001 0.1924217731176062 0.4064232766187339
1.044130593977874 1.470571069542685 1.206484613274789
1.541037164865318 1.0102966136338 1.277902122756485
0.3558501077418884 0.2177990439129849 1.51278276605429
0.9920529184466772 0.7899820922105067 0.4561592781645702
0.9999267380410966 0.1856854521935486 1.159106003450542
1.129792074343398 1.128341158725209 1.439635364696438
0.463428676630964 0.4237687621358998 0.2089639550495778
0.8571953380450046 1.426382080525385 1.088461953825859
0.204631397225143 1.397416005176888 0.4636638567853337
1.283506153564011 1.808427345385205 1.318383103930408
1.276325273640282 0.9730260509991691 1.789351588445881
1.778019741837803 0.478665081847538 1.526195954624257
1.166869331453819 1.5265298920383 1.469092324704447
0.2099381283517815 0.6505223830270117 0.8175946489705097
0.6674009402649455 1.084659740397437 1.519600962098282
1.239453405837383 0.5528138180153865 0.7956860241281428
0.7699994189346561 1.795537356425335 0.9752323533276414
1.521591116255453 0.4643618512314694 1.124427317554685
0.8999957664915297 0.1804112811519434 1.443376647542738
0.4750216877686317 1.532587602786398 1.12133089591983
0.6090316218606184 0.4457244061454095 1.802124323120278
1.204687912767682 0.7839065318653008 1.147127858348664
0.5331122219467821 1.102607981513019 0.6272352156880378
0.8713449624261035 0.8876888492539781 1.809453348562152
1.811116398678592 0.6109306246780779 0.4658782364086919
1.377170267406503 0.7554186737560049 0.4539581865489979
0.18715185697554 0.8000000000034049 1.79712812920838
1.814148873754444 0.7999999999980758 1.797128129209637
0.4798665791810443 1.529835155007059 1.372127028617556
0.853208162617061 1.794201451550885 1.590630996856499
0.782571677010497 1.225572060145165 1.170910550247485
0.2128029145555516 0.4404672243316072 0.5350805707182988
1.58620131567508 1.534009247283574 0.1907929077025549
1.350367721210557 0.2024843619153142 1.264686030984644
1.353967023536712 1.791496518586596 1.52414694804436
0.1864998878297348 1.04647036397239 1.127963256590804
0.7821616834894856 0.1943057042966963 1.157739153152554
0.854441912531837 0.2134970096487213 0.8777057708143908
1.381720792847031 1.122649991011492 0.8576785393136449
0.8860007034340919 0.8894751791362465 0.8123468038355087
1.817632476725095 0.7055468731644651 1.324703289679129
1.409316191803594 1.543818867447766 0.5151893192208432
0.6416497333802997 0.7767880801449953 0.2054907180141813
1.261706364144693 0.1936553745966016 0.9793228262792981
1.823005772694299 1.000963214582853 0.80750801535797
0.6615170193074379 0.8025200083674682 0.7626489750924718
0.2033488403733948 1.165969354611925 1.809342710802439
1.579980772482096 0.502528603501839 0.1938268110995247
0.660028519266648 1.797046607831022 1.263180559309169
1.808821506734383 1.199875678806966 0.1882317581313429
1.554767553443155 1.537136931276514 1.798949134462845
1.062544639333908 0.9302974414084374 0.6591313210921914
0.4084756868204016 0.1915936870052063 0.5017544541180624
0.6993844110606492 1.816462556557711 0.6855341374550155
0.7425900648593888 0.4007669625674088 1.400461527581658
0.1986898489956798 0.2653448945222145 1.13002329204807
0.1954970411983927 0.866748385143892 0.3939496858513336
0.1908434770188009 0.8001240392070896 0.1885898271719925
0.842927213469761 0.2005255255543111 1.800299736652131
0.5684952923481458 1.086838099067231 1.332143091916016
0.1764546543410865 0.8002197075151671 1.168018430296776
1.183923733925847 1.459927279244415 0.6440934947542939
1.199868954845212 0.1796936295299779 0.1796936295299779
1.200000745961453 1.820586365532463 0.179413634467603
1.259126257953274 0.2015720315379078 1.524818408391755
0.4169534495214736 1.542238749861195 0.1861567075164769
0.4571152189889673 1.365517640090401 0.7832687557993683
0.2102607184830566 1.546436067340474 1.526461427482225
1.36677907905939 1.50765918622235 1.53739929684938
1.131119252357605 1.071473642943489 0.858758254593871
0.188306965212056 1.054395722237125 0.7613949807203156
0.4388148039772147 0.1854268826831821 1.784154095701292
0.7781494187244746 1.811198744795108 0.1888012552049062
1.550818195544625 0.4868765747030187 1.797558935263409
0.7776267752373957 1.555251562191357 0.6150381798862916
1.200000000003804 0.4315690755710357 1.820773830073505
0.1891040231063655 0.195498272925869 0.43988551414681
1.820798636670145 0.3997116213943355 0.9029257762712037
1.200860130864918 0.7739009328508855 1.818061304676224
0.765758333015929 0.710131538496476 1.819807164693509
1.806896877287098 1.806355433272028 0.7945425880005383
1.820611547422443 1.597177122506255 0.4703808303493914
0.4663445146248573 0.3731217735924666 0.6173510398772081
1.679615028213568 1.239463748119231 0.5297213524314064
0.843482248130063 1.346629164043187 1.542391910603801
0.7789702778360451 0.1888887742791478 0.1854615507846291
0.1866392674358636 1.190448453359677 0.1780656019575962
1.816746141822064 1.199999999997917 1.82076004480047
1.81970615904984 0.7208259343762202 0.7350583449304267
0.420121531530516 1.104493456259861 0.979571226046946
$EndNodes
$Elements
27 6165 1 6165
0 1 15 1
1 1 
0 2 15 1
2 2 
0 3 15 1
3 3 
0 4 15 1
4 4 
0 5 15 1
5 5 
0 6 15 1
6 6 
0 7 15 1
7 7 
0 8 15 1
8 8 
1 1 1 10
9 1 9 
10 9 10 
11 10 11 
12 11 12 
13 12 13 
14 13 14 
15 14 15 
16 15 16 
17 16 17 
18 17 2 
1 2 1 10
19 2 18 
20 18 19 
21 19 20 
22 20 21 
23 21 22 
24 22 23 
25 23 24 
26 24 25 
27 25 26 
28 26 3 
1 3 1 10
29 3 27 
30 27 28 
31 28 29 
32 29 30 
33 30 31 
34 31 32 
35 32 33 
36 33 34 
37 34 35 
38 35 4 
1 4 1 10
39 4 36 
40 36 37 
41 37 38 
42 38 39 
43 39 40 
44 40 41 
45 41 42 
46 42 43 
47 43 44 
48 44 1 
1 5 1 10
49 5 45 
50 45 46 
51 46 47 
52 47 48 
53 48 49 
54 49 50 
55 50 51 
56 51 52 
57 52 53 
58 53 6 
1 6 1 10
59 6 54 
60 54 55 
61 55 56 
62 56 57 
63 57 58 
64 58 59 
65 59 60 
66 60 61 
67 61 62 
68 62 7 
1 7 1 10
69 7 63 
70 63 64 
71 64 65 
72 65 66 
73 66 67 
74 67 68 
75 68 69 
76 69 70 
77 70 71 
78 71 8 
1 8 1 10
79 8 72 
80 72 73 
81 73 74 
82 74 75 
83 75 76 
84 76 77 
85 77 78 
86 78 79 
87 79 80 
88 80 5 
1 9 1 10
89 1 81 
90 81 82 
91 82 83 
92 83 84 
93 84 85 
94 85 86 
95 86 87 
96 87 88 
97 88 89 
98 89 5 
1 10 1 10
99 2 90 
100 90 91 
101 91 92 
102 92 93 
103 93 94 
104 94 95 
105 95 96 
106 96 97 
107 97 98 
108 98 6 
1 11 1 10
109 3 99 
110 99 100 
111 100 101 
112 101 102 
113 102 103 
114 103 104 
115 104 105 
116 105 106 
117 106 107 
118 107 7 
1 12 1 10
119 4 108 
120 108 109 
121 109 110 
122 110 111 
123 111 112 
124 112 113 
125 113 114 
126 114 115 
127 115 116 
128 116 8 
2 1 2 242
129 1 9 217 
130 44 1 217 
131 17 2 216 
132 2 18 216 
133 26 3 214 
134 3 27 214 
135 35 4 215 
136 4 36 215 
137 9 10 131 
138 9 131 217 
139 10 11 181 
140 131 10 181 
141 11 12 124 
142 11 124 181 
143 12 13 179 
144 124 12 179 
145 13 14 119 
146 13 119 179 
147 14 15 176 
148 119 14 176 
149 15 16 127 
150 15 127 176 
151 16 17 199 
152 127 16 199 
153 199 17 216 
154 18 19 132 
155 18 132 216 
156 19 20 183 
157 132 19 183 
158 20 21 123 
159 20 123 183 
160 21 22 177 
161 123 21 177 
162 22 23 120 
163 22 120 177 
164 23 24 175 
165 120 23 175 
166 24 25 125 
167 24 125 175 
168 25 26 196 
169 125 25 196 
170 196 26 214 
171 27 28 130 
172 27 130 214 
173 28 29 185 
174 130 28 185 
175 29 30 121 
176 29 121 185 
177 30 31 180 
178 121 30 180 
179 31 32 117 
180 31 117 180 
181 32 33 133 
182 117 32 133 
183 33 34 126 
184 33 126 133 
185 34 35 195 
186 126 34 195 
187 195 35 215 
188 36 37 129 
189 36 129 215 
190 37 38 205 
191 129 37 205 
192 38 39 122 
193 38 122 205 
194 39 40 211 
195 122 39 211 
196 40 41 118 
197 40 118 211 
198 41 42 201 
199 118 41 201 
200 42 43 128 
201 42 128 201 
202 43 44 197 
203 128 43 197 
204 197 44 217 
205 117 133 134 
206 117 134 135 
207 117 135 180 
208 169 118 171 
209 118 169 211 
210 171 118 172 
211 172 118 201 
212 119 176 207 
213 179 119 208 
214 119 207 208 
215 120 175 212 
216 177 120 178 
217 178 120 212 
218 174 121 180 
219 121 174 189 
220 185 121 189 
221 167 122 168 
222 122 167 205 
223 168 122 169 
224 169 122 211 
225 123 162 183 
226 162 123 203 
227 123 177 203 
228 124 179 209 
229 181 124 204 
230 204 124 209 
231 175 125 210 
232 191 125 196 
233 125 191 210 
234 133 126 164 
235 164 126 165 
236 165 126 195 
237 176 127 206 
238 127 199 218 
239 206 127 218 
240 182 128 197 
241 128 182 198 
242 128 198 201 
243 165 129 167 
244 129 165 195 
245 167 129 205 
246 129 195 215 
247 130 185 191 
248 130 191 196 
249 130 196 214 
250 131 181 182 
251 131 182 197 
252 131 197 217 
253 132 183 202 
254 199 132 202 
255 132 199 216 
256 134 133 164 
257 135 134 136 
258 136 134 193 
259 134 164 193 
260 135 136 137 
261 135 137 174 
262 135 174 180 
263 137 136 138 
264 138 136 139 
265 139 136 193 
266 137 138 184 
267 174 137 188 
268 137 184 188 
269 138 139 140 
270 138 140 141 
271 138 141 184 
272 140 139 173 
273 173 139 194 
274 139 193 194 
275 141 140 142 
276 142 140 144 
277 144 140 173 
278 141 142 143 
279 141 143 147 
280 141 147 184 
281 143 142 187 
282 142 144 145 
283 142 145 187 
284 147 143 148 
285 148 143 149 
286 149 143 187 
287 145 144 146 
288 146 144 150 
289 150 144 173 
290 145 146 151 
291 145 151 153 
292 145 153 187 
293 146 150 200 
294 151 146 152 
295 152 146 200 
296 147 148 155 
297 147 155 156 
298 147 156 184 
299 148 149 157 
300 155 148 178 
301 148 157 178 
302 157 149 158 
303 158 149 190 
304 149 187 190 
305 150 170 171 
306 170 150 173 
307 150 171 200 
308 151 152 186 
309 153 151 154 
310 154 151 186 
311 186 152 213 
312 198 152 200 
313 152 198 213 
314 153 154 161 
315 153 161 190 
316 187 153 190 
317 161 154 208 
318 154 186 209 
319 208 154 209 
320 156 155 159 
321 159 155 212 
322 155 178 212 
323 156 159 160 
324 156 160 188 
325 184 156 188 
326 157 158 162 
327 157 162 203 
328 178 157 203 
329 162 158 163 
330 163 158 192 
331 158 190 192 
332 160 159 210 
333 159 175 210 
334 175 159 212 
335 188 160 189 
336 189 160 191 
337 191 160 210 
338 190 161 192 
339 192 161 207 
340 207 161 208 
341 162 163 202 
342 183 162 202 
343 163 192 206 
344 202 163 218 
345 163 206 218 
346 164 165 166 
347 164 166 193 
348 166 165 167 
349 166 167 168 
350 166 168 194 
351 193 166 194 
352 168 169 170 
353 168 170 194 
354 170 169 171 
355 170 173 194 
356 171 172 200 
357 172 198 200 
358 198 172 201 
359 174 188 189 
360 176 206 207 
361 177 178 203 
362 179 208 209 
363 182 181 204 
364 198 182 213 
365 182 204 213 
366 185 189 191 
367 186 204 209 
368 204 186 213 
369 206 192 207 
370 199 202 218 
2 2 2 242
371 5 45 319 
372 80 5 319 
373 53 6 318 
374 6 54 318 
375 62 7 316 
376 7 63 316 
377 71 8 317 
378 8 72 317 
379 45 46 233 
380 45 233 319 
381 46 47 283 
382 233 46 283 
383 47 48 226 
384 47 226 283 
385 48 49 281 
386 226 48 281 
387 49 50 221 
388 49 221 281 
389 50 51 278 
390 221 50 278 
391 51 52 229 
392 51 229 278 
393 52 53 301 
394 229 52 301 
395 301 53 318 
396 54 55 234 
397 54 234 318 
398 55 56 285 
399 234 55 285 
400 56 57 225 
401 56 225 285 
402 57 58 279 
403 225 57 279 
404 58 59 222 
405 58 222 279 
406 59 60 277 
407 222 59 277 
408 60 61 227 
409 60 227 277 
410 61 62 298 
411 227 61 298 
412 298 62 316 
413 63 64 232 
414 63 232 316 
415 64 65 287 
416 232 64 287 
417 65 66 223 
418 65 223 287 
419 66 67 282 
420 223 66 282 
421 67 68 219 
422 67 219 282 
423 68 69 235 
424 219 68 235 
425 69 70 228 
426 69 228 235 
427 70 71 297 
428 228 70 297 
429 297 71 317 
430 72 73 231 
431 72 231 317 
432 73 74 307 
433 231 73 307 
434 74 75 224 
435 74 224 307 
436 75 76 313 
437 224 75 313 
438 76 77 220 
439 76 220 313 
440 77 78 303 
441 220 77 303 
442 78 79 230 
443 78 230 303 
444 79 80 299 
445 230 79 299 
446 299 80 319 
447 219 235 236 
448 219 236 237 
449 219 237 282 
450 271 220 273 
451 220 271 313 
452 273 220 274 
453 274 220 303 
454 221 278 309 
455 281 221 310 
456 221 309 310 
457 222 277 314 
458 279 222 280 
459 280 222 314 
460 276 223 282 
461 223 276 291 
462 287 223 291 
463 269 224 270 
464 224 269 307 
465 270 224 271 
466 271 224 313 
467 225 264 285 
468 264 225 305 
469 225 279 305 
470 226 281 311 
471 283 226 306 
472 306 226 311 
473 277 227 312 
474 293 227 298 
475 227 293 312 
476 235 228 266 
477 266 228 267 
478 267 228 297 
479 278 229 308 
480 229 301 320 
481 308 229 320 
482 284 230 299 
483 230 284 300 
484 230 300 303 
485 267 231 269 
486 231 267 297 
487 269 231 307 
488 231 297 317 
489 232 287 293 
490 232 293 298 
491 232 298 316 
492 233 283 284 
493 233 284 299 
494 233 299 319 
495 234 285 304 
496 301 234 304 
497 234 301 318 
498 236 235 266 
499 237 236 238 
500 238 236 295 
501 236 266 295 
502 237 238 239 
503 237 239 276 
504 237 276 282 
505 239 238 240 
506 240 238 241 
507 241 238 295 
508 239 240 286 
509 276 239 290 
510 239 286 290 
511 240 241 242 
512 240 242 243 
513 240 243 286 
514 242 241 275 
515 275 241 296 
516 241 295 296 
517 243 242 244 
518 244 242 246 
519 246 242 275 
520 243 244 245 
521 243 245 249 
522 243 249 286 
523 245 244 289 
524 244 246 247 
525 244 247 289 
526 249 245 250 
527 250 245 251 
528 251 245 289 
529 247 246 248 
530 248 246 252 
531 252 246 275 
532 247 248 253 
533 247 253 255 
534 247 255 289 
535 248 252 302 
536 253 248 254 
537 254 248 302 
538 249 250 257 
539 249 257 258 
540 249 258 286 
541 250 251 259 
542 257 250 280 
543 250 259 280 
544 259 251 260 
545 260 251 292 
546 251 289 292 
547 252 272 273 
548 272 252 275 
549 252 273 302 
550 253 254 288 
551 255 253 256 
552 256 253 288 
553 288 254 315 
554 300 254 302 
555 254 300 315 
556 255 256 263 
557 255 263 292 
558 289 255 292 
559 263 256 310 
560 256 288 311 
561 310 256 311 
562 258 257 261 
563 261 257 314 
564 257 280 314 
565 258 261 262 
566 258 262 290 
567 286 258 290 
568 259 260 264 
569 259 264 305 
570 280 259 305 
571 264 260 265 
572 265 260 294 
573 260 292 294 
574 262 261 312 
575 261 277 312 
576 277 261 314 
577 290 262 291 
578 291 262 293 
579 293 262 312 
580 292 263 294 
581 294 263 309 
582 309 263 310 
583 264 265 304 
584 285 264 304 
585 265 294 308 
586 304 265 320 
587 265 308 320 
588 266 267 268 
589 266 268 295 
590 268 267 269 
591 268 269 270 
592 268 270 296 
593 295 268 296 
594 270 271 272 
595 270 272 296 
596 272 271 273 
597 272 275 296 
598 273 274 302 
599 274 300 302 
600 300 274 303 
601 276 290 291 
602 278 308 309 
603 279 280 305 
604 281 310 311 
605 284 283 306 
606 300 284 315 
607 284 306 315 
608 287 291 293 
609 288 306 311 
610 306 288 315 
611 308 294 309 
612 301 304 320 
2 3 2 246
613 1 9 417 
614 81 1 417 
615 17 2 420 
616 2 90 420 
617 45 5 419 
618 5 89 419 
619 6 53 418 
620 98 6 418 
621 9 10 402 
622 9 402 417 
623 10 11 387 
624 10 387 402 
625 11 12 328 
626 11 328 387 
627 12 13 385 
628 328 12 385 
629 13 14 323 
630 13 323 385 
631 14 15 336 
632 323 14 336 
633 15 16 331 
634 15 331 336 
635 16 17 401 
636 331 16 401 
637 401 17 420 
638 46 45 334 
639 334 45 419 
640 47 46 391 
641 46 334 391 
642 48 47 325 
643 325 47 391 
644 49 48 384 
645 48 325 384 
646 50 49 324 
647 324 49 384 
648 51 50 376 
649 50 324 376 
650 52 51 329 
651 329 51 376 
652 53 52 403 
653 52 329 403 
654 53 403 418 
655 82 81 333 
656 333 81 417 
657 83 82 395 
658 82 333 395 
659 84 83 327 
660 327 83 395 
661 85 84 379 
662 84 327 379 
663 86 85 322 
664 322 85 379 
665 87 86 374 
666 86 322 374 
667 88 87 330 
668 330 87 374 
669 89 88 400 
670 88 330 400 
671 89 400 419 
672 90 91 335 
673 90 335 420 
674 91 92 410 
675 335 91 410 
676 92 93 326 
677 92 326 410 
678 93 94 416 
679 326 93 416 
680 94 95 321 
681 94 321 416 
682 95 96 375 
683 321 95 375 
684 96 97 332 
685 96 332 375 
686 97 98 389 
687 332 97 389 
688 389 98 418 
689 370 321 372 
690 321 370 416 
691 372 321 409 
692 321 375 409 
693 374 322 408 
694 322 379 383 
695 322 383 408 
696 323 336 337 
697 323 337 338 
698 323 338 385 
699 376 324 414 
700 324 384 413 
701 324 413 414 
702 384 325 411 
703 325 391 412 
704 411 325 412 
705 368 326 369 
706 326 368 410 
707 369 326 370 
708 370 326 416 
709 379 327 380 
710 380 327 381 
711 381 327 395 
712 377 328 385 
713 328 377 386 
714 328 386 387 
715 329 376 415 
716 403 329 422 
717 329 415 422 
718 363 330 374 
719 330 363 407 
720 400 330 407 
721 336 331 365 
722 365 331 366 
723 366 331 401 
724 332 361 375 
725 361 332 406 
726 332 389 406 
727 388 333 402 
728 333 388 424 
729 395 333 424 
730 402 333 417 
731 391 334 421 
732 334 400 407 
733 400 334 419 
734 334 407 421 
735 366 335 368 
736 335 366 401 
737 368 335 410 
738 335 401 420 
739 337 336 365 
740 338 337 339 
741 339 337 397 
742 337 365 397 
743 338 339 340 
744 338 340 377 
745 338 377 385 
746 340 339 341 
747 341 339 342 
748 342 339 397 
749 340 341 392 
750 377 340 378 
751 378 340 392 
752 341 342 343 
753 341 343 344 
754 341 344 392 
755 343 342 399 
756 373 342 397 
757 342 373 399 
758 344 343 345 
759 345 343 346 
760 346 343 399 
761 344 345 347 
762 344 347 350 
763 344 350 392 
764 345 346 393 
765 347 345 348 
766 348 345 393 
767 393 346 396 
768 396 346 398 
769 398 346 399 
770 347 348 349 
771 347 349 394 
772 350 347 394 
773 349 348 351 
774 351 348 352 
775 352 348 393 
776 349 351 353 
777 349 353 355 
778 349 355 394 
779 382 350 405 
780 350 382 423 
781 392 350 423 
782 350 394 405 
783 351 352 354 
784 353 351 390 
785 351 354 390 
786 354 352 356 
787 356 352 357 
788 357 352 393 
789 355 353 363 
790 363 353 364 
791 364 353 390 
792 354 356 413 
793 390 354 411 
794 411 354 413 
795 355 363 408 
796 355 383 394 
797 383 355 408 
798 356 357 358 
799 356 358 414 
800 413 356 414 
801 358 357 359 
802 359 357 396 
803 357 393 396 
804 358 359 360 
805 358 360 415 
806 414 358 415 
807 360 359 361 
808 361 359 362 
809 362 359 396 
810 360 361 406 
811 360 406 422 
812 415 360 422 
813 361 362 409 
814 375 361 409 
815 372 362 398 
816 362 372 409 
817 362 396 398 
818 363 364 407 
819 363 374 408 
820 364 390 412 
821 407 364 421 
822 364 412 421 
823 365 366 367 
824 365 367 397 
825 367 366 368 
826 367 368 369 
827 367 369 373 
828 367 373 397 
829 369 370 371 
830 369 371 373 
831 371 370 372 
832 371 372 398 
833 373 371 399 
834 371 398 399 
835 376 414 415 
836 377 378 386 
837 386 378 404 
838 378 392 423 
839 404 378 423 
840 379 380 383 
841 380 381 382 
842 380 382 405 
843 383 380 405 
844 382 381 404 
845 381 395 424 
846 404 381 424 
847 382 404 423 
848 394 383 405 
849 384 411 413 
850 387 386 388 
851 388 386 404 
852 387 388 402 
853 388 404 424 
854 389 403 406 
855 403 389 418 
856 390 411 412 
857 412 391 421 
858 406 403 422 
2 4 2 246
859 2 18 521 
860 90 2 521 
861 26 3 524 
862 3 99 524 
863 54 6 523 
864 6 98 523 
865 7 62 522 
866 107 7 522 
867 18 19 506 
868 18 506 521 
869 19 20 491 
870 19 491 506 
871 20 21 432 
872 20 432 491 
873 21 22 489 
874 432 21 489 
875 22 23 427 
876 22 427 489 
877 23 24 440 
878 427 23 440 
879 24 25 435 
880 24 435 440 
881 25 26 505 
882 435 25 505 
883 505 26 524 
884 55 54 438 
885 438 54 523 
886 56 55 495 
887 55 438 495 
888 57 56 429 
889 429 56 495 
890 58 57 488 
891 57 429 488 
892 59 58 428 
893 428 58 488 
894 60 59 479 
895 59 428 479 
896 61 60 436 
897 436 60 479 
898 62 61 493 
899 61 436 493 
900 62 493 522 
901 91 90 437 
902 437 90 521 
903 92 91 499 
904 91 437 499 
905 93 92 431 
906 431 92 499 
907 94 93 483 
908 93 431 483 
909 95 94 426 
910 426 94 483 
911 96 95 478 
912 95 426 478 
913 97 96 434 
914 434 96 478 
915 98 97 504 
916 97 434 504 
917 98 504 523 
918 99 100 439 
919 99 439 524 
920 100 101 514 
921 439 100 514 
922 101 102 430 
923 101 430 514 
924 102 103 520 
925 430 102 520 
926 103 104 425 
927 103 425 520 
928 104 105 480 
929 425 104 480 
930 105 106 433 
931 105 433 480 
932 106 107 507 
933 433 106 507 
934 507 107 522 
935 474 425 476 
936 425 474 520 
937 476 425 513 
938 425 480 513 
939 478 426 512 
940 426 483 487 
941 426 487 512 
942 427 440 441 
943 427 441 442 
944 427 442 489 
945 479 428 518 
946 428 488 517 
947 428 517 518 
948 488 429 515 
949 429 495 516 
950 515 429 516 
951 472 430 473 
952 430 472 514 
953 473 430 474 
954 474 430 520 
955 483 431 484 
956 484 431 485 
957 485 431 499 
958 481 432 489 
959 432 481 490 
960 432 490 491 
961 433 465 480 
962 465 433 510 
963 433 507 510 
964 467 434 478 
965 434 467 511 
966 504 434 511 
967 440 435 469 
968 469 435 470 
969 470 435 505 
970 436 479 519 
971 493 436 526 
972 436 519 526 
973 492 437 506 
974 437 492 528 
975 499 437 528 
976 506 437 521 
977 495 438 525 
978 438 504 511 
979 504 438 523 
980 438 511 525 
981 470 439 472 
982 439 470 505 
983 472 439 514 
984 439 505 524 
985 441 440 469 
986 442 441 443 
987 443 441 501 
988 441 469 501 
989 442 443 444 
990 442 444 481 
991 442 481 489 
992 444 443 445 
993 445 443 446 
994 446 443 501 
995 444 445 496 
996 481 444 482 
997 482 444 496 
998 445 446 447 
999 445 447 448 
1000 445 448 496 
1001 447 446 503 
1002 477 446 501 
1003 446 477 503 
1004 448 447 449 
1005 449 447 450 
1006 450 447 503 
1007 448 449 451 
1008 448 451 454 
1009 448 454 496 
1010 449 450 497 
1011 451 449 452 
1012 452 449 497 
1013 497 450 500 
1014 500 450 502 
1015 502 450 503 
1016 451 452 453 
1017 451 453 498 
1018 454 451 498 
1019 453 452 455 
1020 455 452 456 
1021 456 452 497 
1022 453 455 457 
1023 453 457 459 
1024 453 459 498 
1025 486 454 509 
1026 454 486 527 
1027 496 454 527 
1028 454 498 509 
1029 455 456 458 
1030 457 455 494 
1031 455 458 494 
1032 458 456 460 
1033 460 456 461 
1034 461 456 497 
1035 459 457 467 
1036 467 457 468 
1037 468 457 494 
1038 458 460 517 
1039 494 458 515 
1040 515 458 517 
1041 459 467 512 
1042 459 487 498 
1043 487 459 512 
1044 460 461 462 
1045 460 462 518 
1046 517 460 518 
1047 462 461 463 
1048 463 461 500 
1049 461 497 500 
1050 462 463 464 
1051 462 464 519 
1052 518 462 519 
1053 464 463 465 
1054 465 463 466 
1055 466 463 500 
1056 464 465 510 
1057 464 510 526 
1058 519 464 526 
1059 465 466 513 
1060 480 465 513 
1061 476 466 502 
1062 466 476 513 
1063 466 500 502 
1064 467 468 511 
1065 467 478 512 
1066 468 494 516 
1067 511 468 525 
1068 468 516 525 
1069 469 470 471 
1070 469 471 501 
1071 471 470 472 
1072 471 472 473 
1073 471 473 477 
1074 471 477 501 
1075 473 474 475 
1076 473 475 477 
1077 475 474 476 
1078 475 476 502 
1079 477 475 503 
1080 475 502 503 
1081 479 518 519 
1082 481 482 490 
1083 490 482 508 
1084 482 496 527 
1085 508 482 527 
1086 483 484 487 
1087 484 485 486 
1088 484 486 509 
1089 487 484 509 
1090 486 485 508 
1091 485 499 528 
1092 508 485 528 
1093 486 508 527 
1094 498 487 509 
1095 488 515 517 
1096 491 490 492 
1097 492 490 508 
1098 491 492 506 
1099 492 508 528 
1100 507 493 510 
1101 493 507 522 
1102 510 493 526 
1103 494 515 516 
1104 516 495 525 
2 5 2 246
1105 3 27 625 
1106 99 3 625 
1107 35 4 628 
1108 4 108 628 
1109 63 7 626 
1110 7 107 626 
1111 8 71 627 
1112 116 8 627 
1113 27 28 541 
1114 27 541 625 
1115 28 29 599 
1116 541 28 599 
1117 29 30 533 
1118 29 533 599 
1119 30 31 594 
1120 533 30 594 
1121 31 32 530 
1122 31 530 594 
1123 32 33 544 
1124 530 32 544 
1125 33 34 539 
1126 33 539 544 
1127 34 35 610 
1128 539 34 610 
1129 610 35 628 
1130 64 63 542 
1131 542 63 626 
1132 65 64 600 
1133 64 542 600 
1134 66 65 534 
1135 534 65 600 
1136 67 66 586 
1137 66 534 586 
1138 68 67 529 
1139 529 67 586 
1140 69 68 582 
1141 68 529 582 
1142 70 69 537 
1143 537 69 582 
1144 71 70 595 
1145 70 537 595 
1146 71 595 627 
1147 100 99 609 
1148 609 99 625 
1149 101 100 596 
1150 596 100 609 
1151 102 101 536 
1152 536 101 596 
1153 103 102 588 
1154 102 536 588 
1155 104 103 531 
1156 531 103 588 
1157 105 104 583 
1158 104 531 583 
1159 106 105 538 
1160 538 105 583 
1161 107 106 608 
1162 106 538 608 
1163 107 608 626 
1164 108 109 543 
1165 108 543 628 
1166 109 110 620 
1167 543 109 620 
1168 110 111 535 
1169 110 535 620 
1170 111 112 624 
1171 535 111 624 
1172 112 113 532 
1173 112 532 624 
1174 113 114 587 
1175 532 113 587 
1176 114 115 540 
1177 114 540 587 
1178 115 116 611 
1179 540 115 611 
1180 611 116 627 
1181 582 529 622 
1182 529 586 621 
1183 529 621 622 
1184 530 544 545 
1185 530 545 546 
1186 530 546 594 
1187 583 531 616 
1188 531 588 592 
1189 531 592 616 
1190 578 532 580 
1191 532 578 624 
1192 580 532 617 
1193 532 587 617 
1194 584 533 594 
1195 533 584 598 
1196 533 598 599 
1197 586 534 618 
1198 534 600 619 
1199 618 534 619 
1200 576 535 577 
1201 535 576 620 
1202 577 535 578 
1203 578 535 624 
1204 588 536 589 
1205 589 536 590 
1206 590 536 596 
1207 537 582 623 
1208 595 537 630 
1209 537 623 630 
1210 571 538 583 
1211 538 571 615 
1212 608 538 615 
1213 544 539 573 
1214 573 539 574 
1215 574 539 610 
1216 540 569 587 
1217 569 540 614 
1218 540 611 614 
1219 541 597 609 
1220 597 541 632 
1221 541 599 632 
1222 541 609 625 
1223 600 542 629 
1224 542 608 615 
1225 608 542 626 
1226 542 615 629 
1227 574 543 576 
1228 543 574 610 
1229 576 543 620 
1230 543 610 628 
1231 545 544 573 
1232 546 545 547 
1233 547 545 605 
1234 545 573 605 
1235 546 547 548 
1236 546 548 584 
1237 546 584 594 
1238 548 547 549 
1239 549 547 550 
1240 550 547 605 
1241 548 549 601 
1242 584 548 585 
1243 585 548 601 
1244 549 550 551 
1245 549 551 552 
1246 549 552 601 
1247 551 550 607 
1248 581 550 605 
1249 550 581 607 
1250 552 551 553 
1251 553 551 554 
1252 554 551 607 
1253 552 553 555 
1254 552 555 558 
1255 552 558 601 
1256 553 554 602 
1257 555 553 556 
1258 556 553 602 
1259 602 554 604 
1260 604 554 606 
1261 606 554 607 
1262 555 556 557 
1263 555 557 603 
1264 558 555 603 
1265 557 556 559 
1266 559 556 560 
1267 560 556 602 
1268 557 559 561 
1269 557 561 563 
1270 557 563 603 
1271 591 558 613 
1272 558 591 631 
1273 601 558 631 
1274 558 603 613 
1275 559 560 562 
1276 561 559 593 
1277 559 562 593 
1278 562 560 564 
1279 564 560 565 
1280 565 560 602 
1281 563 561 571 
1282 571 561 572 
1283 572 561 593 
1284 562 564 621 
1285 593 562 618 
1286 618 562 621 
1287 563 571 616 
1288 563 592 603 
1289 592 563 616 
1290 564 565 566 
1291 564 566 622 
1292 621 564 622 
1293 566 565 567 
1294 567 565 604 
1295 565 602 604 
1296 566 567 568 
1297 566 568 623 
1298 622 566 623 
1299 568 567 569 
1300 569 567 570 
1301 570 567 604 
1302 568 569 614 
1303 568 614 630 
1304 623 568 630 
1305 569 570 617 
1306 587 569 617 
1307 580 570 606 
1308 570 580 617 
1309 570 604 606 
1310 571 572 615 
1311 571 583 616 
1312 572 593 619 
1313 615 572 629 
1314 572 619 629 
1315 573 574 575 
1316 573 575 605 
1317 575 574 576 
1318 575 576 577 
1319 575 577 581 
1320 575 581 605 
1321 577 578 579 
1322 577 579 581 
1323 579 578 580 
1324 579 580 606 
1325 581 579 607 
1326 579 606 607 
1327 582 622 623 
1328 584 585 598 
1329 598 585 612 
1330 585 601 631 
1331 612 585 631 
1332 586 618 621 
1333 588 589 592 
1334 589 590 591 
1335 589 591 613 
1336 592 589 613 
1337 591 590 612 
1338 590 596 597 
1339 590 597 612 
1340 591 612 631 
1341 603 592 613 
1342 593 618 619 
1343 611 595 614 
1344 595 611 627 
1345 614 595 630 
1346 597 596 609 
1347 612 597 632 
1348 599 598 632 
1349 598 612 632 
1350 619 600 629 
2 6 2 246
1351 44 1 732 
1352 1 81 732 
1353 4 36 729 
1354 108 4 729 
1355 5 80 731 
1356 89 5 731 
1357 72 8 730 
1358 8 116 730 
1359 36 37 645 
1360 36 645 729 
1361 37 38 703 
1362 645 37 703 
1363 38 39 637 
1364 38 637 703 
1365 39 40 698 
1366 637 39 698 
1367 40 41 634 
1368 40 634 698 
1369 41 42 648 
1370 634 41 648 
1371 42 43 643 
1372 42 643 648 
1373 43 44 714 
1374 643 43 714 
1375 714 44 732 
1376 73 72 646 
1377 646 72 730 
1378 74 73 704 
1379 73 646 704 
1380 75 74 638 
1381 638 74 704 
1382 76 75 690 
1383 75 638 690 
1384 77 76 633 
1385 633 76 690 
1386 78 77 686 
1387 77 633 686 
1388 79 78 641 
1389 641 78 686 
1390 80 79 699 
1391 79 641 699 
1392 80 699 731 
1393 81 82 647 
1394 81 647 732 
1395 82 83 724 
1396 647 82 724 
1397 83 84 639 
1398 83 639 724 
1399 84 85 728 
1400 639 84 728 
1401 85 86 636 
1402 85 636 728 
1403 86 87 691 
1404 636 86 691 
1405 87 88 644 
1406 87 644 691 
1407 88 89 715 
1408 644 88 715 
1409 715 89 731 
1410 109 108 713 
1411 713 108 729 
1412 110 109 700 
1413 700 109 713 
1414 111 110 640 
1415 640 110 700 
1416 112 111 692 
1417 111 640 692 
1418 113 112 635 
1419 635 112 692 
1420 114 113 687 
1421 113 635 687 
1422 115 114 642 
1423 642 114 687 
1424 116 115 712 
1425 115 642 712 
1426 116 712 730 
1427 686 633 726 
1428 633 690 725 
1429 633 725 726 
1430 634 648 649 
1431 634 649 650 
1432 634 650 698 
1433 687 635 720 
1434 635 692 696 
1435 635 696 720 
1436 682 636 684 
1437 636 682 728 
1438 684 636 721 
1439 636 691 721 
1440 688 637 698 
1441 637 688 702 
1442 637 702 703 
1443 690 638 722 
1444 638 704 723 
1445 722 638 723 
1446 680 639 681 
1447 639 680 724 
1448 681 639 682 
1449 682 639 728 
1450 692 640 693 
1451 693 640 694 
1452 694 640 700 
1453 641 686 727 
1454 699 641 734 
1455 641 727 734 
1456 675 642 687 
1457 642 675 719 
1458 712 642 719 
1459 648 643 677 
1460 677 643 678 
1461 678 643 714 
1462 644 673 691 
1463 673 644 718 
1464 644 715 718 
1465 645 701 713 
1466 701 645 736 
1467 645 703 736 
1468 645 713 729 
1469 704 646 733 
1470 646 712 719 
1471 712 646 730 
1472 646 719 733 
1473 678 647 680 
1474 647 678 714 
1475 680 647 724 
1476 647 714 732 
1477 649 648 677 
1478 650 649 651 
1479 651 649 709 
1480 649 677 709 
1481 650 651 652 
1482 650 652 688 
1483 650 688 698 
1484 652 651 653 
1485 653 651 654 
1486 654 651 709 
1487 652 653 705 
1488 688 652 689 
1489 689 652 705 
1490 653 654 655 
1491 653 655 656 
1492 653 656 705 
1493 655 654 711 
1494 685 654 709 
1495 654 685 711 
1496 656 655 657 
1497 657 655 658 
1498 658 655 711 
1499 656 657 659 
1500 656 659 662 
1501 656 662 705 
1502 657 658 706 
1503 659 657 660 
1504 660 657 706 
1505 706 658 708 
1506 708 658 710 
1507 710 658 711 
1508 659 660 661 
1509 659 661 707 
1510 662 659 707 
1511 661 660 663 
1512 663 660 664 
1513 664 660 706 
1514 661 663 665 
1515 661 665 667 
1516 661 667 707 
1517 695 662 717 
1518 662 695 735 
1519 705 662 735 
1520 662 707 717 
1521 663 664 666 
1522 665 663 697 
1523 663 666 697 
1524 666 664 668 
1525 668 664 669 
1526 669 664 706 
1527 667 665 675 
1528 675 665 676 
1529 676 665 697 
1530 666 668 725 
1531 697 666 722 
1532 722 666 725 
1533 667 675 720 
1534 667 696 707 
1535 696 667 720 
1536 668 669 670 
1537 668 670 726 
1538 725 668 726 
1539 670 669 671 
1540 671 669 708 
1541 669 706 708 
1542 670 671 672 
1543 670 672 727 
1544 726 670 727 
1545 672 671 673 
1546 673 671 674 
1547 674 671 708 
1548 672 673 718 
1549 672 718 734 
1550 727 672 734 
1551 673 674 721 
1552 691 673 721 
1553 684 674 710 
1554 674 684 721 
1555 674 708 710 
1556 675 676 719 
1557 675 687 720 
1558 676 697 723 
1559 719 676 733 
1560 676 723 733 
1561 677 678 679 
1562 677 679 709 
1563 679 678 680 
1564 679 680 681 
1565 679 681 685 
1566 679 685 709 
1567 681 682 683 
1568 681 683 685 
1569 683 682 684 
1570 683 684 710 
1571 685 683 711 
1572 683 710 711 
1573 686 726 727 
1574 688 689 702 
1575 702 689 716 
1576 689 705 735 
1577 716 689 735 
1578 690 722 725 
1579 692 693 696 
1580 693 694 695 
1581 693 695 717 
1582 696 693 717 
1583 695 694 716 
1584 694 700 701 
1585 694 701 716 
1586 695 716 735 
1587 707 696 717 
1588 697 722 723 
1589 715 699 718 
1590 699 715 731 
1591 718 699 734 
1592 701 700 713 
1593 716 701 736 
1594 703 702 736 
1595 702 716 736 
1596 723 704 733 
3 1 4 4569
1597 851 884 806 922 
1598 818 932 765 933 
1599 782 932 818 933 
1600 184 789 859 987 
1601 459 901 785 1061 
1602 267 933 924 985 
1603 743 803 942 1001 
1604 796 837 552 871 
1605 796 871 552 1034 
1606 799 871 749 1057 
1607 784 749 871 910 
1608 768 1021 957 1118 
1609 780 190 854 893 
1610 190 149 780 854 
1611 847 860 141 920 
1612 871 910 749 1057 
1613 951 957 768 1021 
1614 743 1001 942 1104 
1615 192 854 823 965 
1616 139 863 792 983 
1617 141 789 184 847 
1618 829 969 485 1127 
1619 184 847 789 987 
1620 818 924 270 933 
1621 806 747 884 998 
1622 787 841 290 961 
1623 789 847 141 920 
1624 740 791 857 1022 
1625 276 787 290 961 
1626 818 933 270 970 
1627 767 935 840 1033 
1628 765 933 932 1032 
1629 799 910 871 1057 
1630 743 897 989 1017 
1631 140 139 792 847 
1632 840 935 741 1033 
1633 782 932 933 1032 
1634 829 904 485 969 
1635 833 952 769 1048 
1636 529 219 828 858 
1637 661 663 805 853 
1638 743 942 849 1104 
1639 258 249 802 877 
1640 261 841 811 877 
1641 486 829 485 1127 
1642 849 942 826 1104 
1643 671 669 670 1006 
1644 747 806 973 998 
1645 140 847 792 860 
1646 924 933 765 985 
1647 834 927 865 986 
1648 219 235 529 828 
1649 851 806 901 922 
1650 582 529 235 828 
1651 192 854 965 1097 
1652 814 947 774 1013 
1653 376 324 221 830 
1654 221 278 376 830 
1655 579 580 948 1000 
1656 598 585 822 875 
1657 243 240 286 802 
1658 671 781 669 1006 
1659 291 290 787 841 
1660 741 797 840 1038 
1661 258 802 841 877 
1662 769 952 833 1058 
1663 663 805 853 916 
1664 754 800 934 1043 
1665 748 804 794 1054 
1666 899 1023 705 1120 
1667 652 650 899 1106 
1668 768 821 951 1021 
1669 806 884 851 998 
1670 141 847 140 860 
1671 249 286 258 802 
1672 258 841 261 877 
1673 717 693 948 1023 
1674 796 875 902 1091 
1675 268 270 924 933 
1676 258 802 286 841 
1677 688 652 650 899 
1678 754 934 800 968 
1679 671 670 917 1006 
1680 743 986 766 1008 
1681 286 802 240 845 
1682 578 948 873 1000 
1683 748 887 804 1054 
1684 797 874 343 887 
1685 738 953 816 1111 
1686 459 785 467 1061 
1687 296 270 933 970 
1688 746 860 847 920 
1689 873 948 763 1000 
1690 834 842 927 986 
1691 243 240 802 845 
1692 813 859 159 921 
1693 766 849 826 1104 
1694 123 812 432 866 
1695 375 785 478 945 
1696 263 869 256 942 
1697 802 1062 961 1118 
1698 139 792 847 983 
1699 671 781 917 991 
1700 263 869 942 1125 
1701 342 343 797 874 
1702 875 1010 902 1091 
1703 816 953 800 1111 
1704 652 899 977 1106 
1705 923 934 800 1043 
1706 243 845 802 1015 
1707 221 830 324 869 
1708 743 803 849 942 
1709 748 794 804 967 
1710 776 1023 899 1120 
1711 687 795 720 948 
1712 478 785 512 945 
1713 783 862 500 903 
1714 746 920 847 1043 
1715 802 914 961 1062 
1716 267 268 924 933 
1717 975 988 801 1030 
1718 263 942 911 1125 
1719 694 949 833 1058 
1720 793 855 446 1133 
1721 790 923 882 993 
1722 873 948 693 1023 
1723 687 587 795 948 
1724 851 973 806 998 
1725 749 816 800 902 
1726 276 291 290 787 
1727 477 446 793 855 
1728 552 796 558 837 
1729 425 513 480 821 
1730 241 782 933 990 
1731 300 950 849 1070 
1732 671 917 781 1006 
1733 784 871 799 910 
1734 800 968 934 1124 
1735 688 650 880 899 
1736 447 503 793 862 
1737 783 957 951 1021 
1738 241 845 782 990 
1739 154 888 878 893 
1740 409 785 375 945 
1741 617 795 587 948 
1742 447 862 793 1094 
1743 423 839 801 913 
1744 755 988 975 1030 
1745 145 860 144 1092 
1746 241 275 296 782 
1747 758 834 865 986 
1748 774 1013 947 1101 
1749 161 154 878 893 
1750 797 741 840 935 
1751 740 791 1022 1055 
1752 802 740 1062 1118 
1753 275 782 241 1015 
1754 812 866 203 886 
1755 802 740 914 1062 
1756 799 871 784 1066 
1757 740 857 930 1022 
1758 800 934 923 1124 
1759 300 808 849 950 
1760 190 149 187 780 
1761 161 893 878 1112 
1762 432 812 481 866 
1763 767 925 904 1014 
1764 880 899 650 1106 
1765 796 902 875 966 
1766 743 766 849 1008 
1767 964 989 897 1017 
1768 802 845 286 961 
1769 911 942 869 1125 
1770 500 461 783 903 
1771 875 966 902 1010 
1772 766 986 917 1008 
1773 578 579 948 1000 
1774 694 873 833 949 
1775 764 840 797 1038 
1776 881 948 580 1000 
1777 177 432 489 866 
1778 942 1001 826 1104 
1779 838 799 1069 1098 
1780 187 780 149 920 
1781 286 845 240 961 
1782 778 947 814 1013 
1783 566 838 565 1079 
1784 513 821 425 905 
1785 531 425 821 905 
1786 190 780 187 978 
1787 598 875 822 997 
1788 798 742 827 1035 
1789 566 828 1037 1079 
1790 763 948 873 1023 
1791 849 950 766 1070 
1792 243 802 891 1015 
1793 767 854 823 935 
1794 742 798 827 898 
1795 735 705 899 1023 
1796 546 872 856 955 
1797 425 480 531 821 
1798 750 835 962 1110 
1799 797 840 764 1020 
1800 423 392 801 1087 
1801 862 959 783 1021 
1802 743 849 766 1104 
1803 674 708 671 991 
1804 291 841 787 1100 
1805 738 816 902 1111 
1806 366 904 925 1014 
1807 837 844 788 857 
1808 566 565 838 1098 
1809 531 583 616 821 
1810 531 480 583 821 
1811 899 1072 952 1116 
1812 862 930 783 959 
1813 739 952 833 1048 
1814 760 959 862 1021 
1815 785 901 846 1061 
1816 740 1022 930 1055 
1817 296 241 782 933 
1818 755 801 975 988 
1819 192 965 163 1097 
1820 580 578 579 948 
1821 826 942 849 1070 
1822 750 890 1085 1110 
1823 766 849 808 950 
1824 566 1037 838 1079 
1825 826 849 766 1070 
1826 772 775 919 936 
1827 768 844 821 1021 
1828 882 923 790 1002 
1829 783 979 862 1021 
1830 784 910 799 1066 
1831 747 930 862 959 
1832 660 661 663 805 
1833 797 943 764 1038 
1834 453 806 901 1090 
1835 792 847 746 860 
1836 835 865 750 962 
1837 478 785 375 963 
1838 882 923 773 993 
1839 803 911 761 989 
1840 854 935 767 1033 
1841 461 783 903 1016 
1842 899 952 833 1116 
1843 755 820 988 1030 
1844 741 840 1033 1038 
1845 767 840 935 1014 
1846 585 822 875 955 
1847 862 979 760 1021 
1848 741 797 1038 1065 
1849 156 159 859 921 
1850 797 748 887 943 
1851 812 908 756 1033 
1852 911 936 761 989 
1853 788 844 837 1059 
1854 748 927 956 1031 
1855 798 940 757 1018 
1856 781 865 835 962 
1857 237 858 961 990 
1858 717 948 696 1023 
1859 741 814 998 1013 
1860 720 795 883 948 
1861 744 838 799 1069 
1862 159 859 813 1082 
1863 497 500 862 903 
1864 792 746 847 1043 
1865 740 857 791 1050 
1866 617 881 795 948 
1867 683 991 895 1063 
1868 190 893 780 978 
1869 846 1061 901 1090 
1870 908 980 756 1033 
1871 477 855 793 939 
1872 494 807 929 1061 
1873 723 818 697 1117 
1874 461 951 783 1016 
1875 778 1013 814 1065 
1876 775 936 772 989 
1877 547 872 546 955 
1878 616 531 821 905 
1879 838 1037 828 1079 
1880 755 975 820 1030 
1881 654 655 798 1120 
1882 750 962 890 1110 
1883 442 866 444 1044 
1884 484 485 969 1127 
1885 612 971 875 997 
1886 463 500 461 783 
1887 552 601 796 1034 
1888 782 845 241 1015 
1889 314 811 861 877 
1890 823 854 192 893 
1891 887 941 874 1087 
1892 409 785 362 1028 
1893 761 826 942 1001 
1894 452 806 453 1090 
1895 772 989 891 1055 
1896 184 789 156 859 
1897 800 816 749 1009 
1898 697 818 853 1117 
1899 821 979 951 1021 
1900 529 858 828 1079 
1901 481 444 442 866 
1902 489 432 481 866 
1903 469 813 501 855 
1904 769 825 952 1058 
1905 835 781 962 1110 
1906 742 779 848 940 
1907 139 193 863 983 
1908 484 486 485 1127 
1909 750 890 805 1085 
1910 804 887 748 943 
1911 570 1037 795 1098 
1912 780 854 149 886 
1913 289 911 247 1073 
1914 237 961 239 990 
1915 501 446 855 1133 
1916 683 895 827 1063 
1917 375 785 409 963 
1918 829 1033 840 1038 
1919 784 749 910 1002 
1920 750 1085 867 1110 
1921 444 866 908 1044 
1922 141 147 184 789 
1923 772 891 981 1055 
1924 756 812 1033 1075 
1925 481 444 866 908 
1926 545 856 546 872 
1927 834 839 394 1019 
1928 697 853 818 916 
1929 343 874 341 887 
1930 161 207 893 1112 
1931 792 863 139 1005 
1932 761 942 803 1001 
1933 835 865 781 986 
1934 157 812 854 1097 
1935 392 874 801 1087 
1936 275 296 782 970 
1937 800 790 882 1009 
1938 923 993 790 1002 
1939 291 787 870 1100 
1940 392 341 874 1087 
1941 547 545 546 872 
1942 749 902 800 1111 
1943 756 1033 980 1075 
1944 663 660 805 916 
1945 257 258 261 877 
1946 330 374 691 1052 
1947 749 788 837 1007 
1948 661 853 805 883 
1949 208 161 154 878 
1950 688 880 825 899 
1951 778 947 1013 1101 
1952 671 917 674 991 
1953 149 780 886 920 
1954 392 801 874 988 
1955 236 828 219 858 
1956 512 785 478 963 
1957 755 888 820 975 
1958 451 922 884 1138 
1959 673 917 718 1052 
1960 147 920 148 921 
1961 494 1061 929 1090 
1962 743 766 986 1104 
1963 743 897 803 989 
1964 838 889 565 1079 
1965 314 257 261 811 
1966 742 848 779 975 
1967 750 805 890 962 
1968 667 795 675 853 
1969 203 812 123 866 
1970 147 156 789 921 
1971 330 691 644 1052 
1972 237 858 276 961 
1973 809 956 927 1031 
1974 601 875 796 955 
1975 716 949 694 1058 
1976 140 792 173 860 
1977 446 447 793 1094 
1978 800 882 790 1002 
1979 194 139 863 1005 
1980 374 817 691 1052 
1981 748 834 927 1031 
1982 473 824 475 1130 
1983 447 503 446 793 
1984 783 959 930 1021 
1985 465 951 821 979 
1986 341 887 874 1087 
1987 790 882 773 993 
1988 188 184 859 987 
1989 764 943 797 1020 
1990 774 998 814 1013 
1991 184 147 156 789 
1992 723 924 818 1117 
1993 814 885 774 947 
1994 802 961 841 1118 
1995 899 776 1072 1116 
1996 687 795 587 976 
1997 777 980 908 1033 
1998 945 969 372 1020 
1999 141 147 789 920 
2000 695 833 694 873 
2001 765 828 933 1032 
2002 529 828 622 1079 
2003 654 798 655 1063 
2004 675 853 795 1117 
2005 601 558 552 796 
2006 164 193 810 863 
2007 747 930 816 1022 
2008 745 836 785 1045 
2009 774 947 885 1119 
2010 747 816 885 1022 
2011 810 856 545 872 
2012 761 911 850 936 
2013 558 837 796 966 
2014 157 812 203 886 
2015 528 996 904 1074 
2016 173 140 139 792 
2017 744 805 853 883 
2018 717 693 696 948 
2019 910 1002 749 1057 
2020 147 789 920 921 
2021 343 342 797 1093 
2022 755 978 888 1053 
2023 560 556 1003 1007 
2024 545 856 810 1122 
2025 622 529 582 828 
2026 156 859 789 921 
2027 276 961 858 1024 
2028 765 838 828 1032 
2029 881 1069 799 1098 
2030 134 164 193 810 
2031 275 970 782 1015 
2032 758 865 835 986 
2033 835 986 781 991 
2034 261 811 841 1100 
2035 911 1073 289 1128 
2036 477 501 446 855 
2037 844 857 837 974 
2038 951 979 783 1021 
2039 394 834 350 839 
2040 865 809 927 1031 
2041 798 867 655 1063 
2042 448 451 884 1138 
2043 757 940 798 1035 
2044 655 867 798 1120 
2045 286 841 802 961 
2046 376 414 324 830 
2047 691 817 644 1052 
2048 617 580 881 948 
2049 123 432 177 866 
2050 847 920 789 1043 
2051 751 891 989 1055 
2052 221 309 278 830 
2053 793 446 900 1133 
2054 157 854 812 886 
2055 772 919 775 981 
2056 738 816 953 1088 
2057 749 968 796 1111 
2058 815 964 897 1017 
2059 161 878 208 1112 
2060 695 833 873 1023 
2061 842 927 986 1104 
2062 735 899 833 1023 
2063 749 800 968 1111 
2064 755 888 975 1053 
2065 570 795 881 1098 
2066 140 141 138 847 
2067 759 990 828 1032 
2068 850 911 772 936 
2069 777 908 829 1033 
2070 1003 1007 556 1059 
2071 276 291 787 1024 
2072 844 974 837 1059 
2073 565 889 838 1098 
2074 134 810 193 983 
2075 875 971 771 997 
2076 758 842 834 986 
2077 247 911 803 1073 
2078 828 990 933 1032 
2079 919 936 775 973 
2080 771 813 855 1004 
2081 763 948 881 1000 
2082 474 473 475 1130 
2083 772 936 911 989 
2084 801 874 941 1087 
2085 1035 1047 940 1092 
2086 755 1040 978 1053 
2087 785 896 362 1083 
2088 173 860 792 868 
2089 761 1001 794 1068 
2090 503 477 793 939 
2091 748 941 887 1087 
2092 747 885 930 1022 
2093 701 994 949 1058 
2094 148 920 886 921 
2095 834 865 927 1031 
2096 808 917 670 1006 
2097 314 257 811 877 
2098 644 673 718 1052 
2099 452 884 806 903 
2100 808 766 917 1008 
2101 785 362 1028 1083 
2102 743 849 803 897 
2103 775 973 936 1071 
2104 761 826 1001 1068 
2105 768 844 1021 1118 
2106 797 887 343 1093 
2107 546 856 584 955 
2108 658 835 655 867 
2109 623 566 828 1037 
2110 830 958 415 1114 
2111 748 927 794 967 
2112 771 859 813 1004 
2113 501 855 813 1133 
2114 655 867 835 1063 
2115 800 902 816 1111 
2116 324 830 414 869 
2117 802 845 751 1015 
2118 771 1004 855 1091 
2119 820 975 888 1030 
2120 720 795 667 883 
2121 174 188 822 987 
2122 350 839 834 1087 
2123 803 849 831 897 
2124 423 350 392 1087 
2125 409 896 785 945 
2126 551 1034 784 1103 
2127 463 500 783 979 
2128 309 830 221 869 
2129 857 930 816 959 
2130 503 477 446 793 
2131 745 785 836 1067 
2132 749 837 796 871 
2133 810 863 193 983 
2134 720 795 687 976 
2135 749 796 902 1111 
2136 451 453 806 901 
2137 660 805 916 1085 
2138 584 856 546 1113 
2139 758 986 835 991 
2140 795 853 667 883 
2141 264 946 807 1123 
2142 584 955 856 1113 
2143 833 873 832 949 
2144 461 463 783 951 
2145 555 556 1007 1059 
2146 500 862 783 979 
2147 788 1007 1003 1059 
2148 782 296 933 970 
2149 751 897 964 989 
2150 362 785 409 896 
2151 893 935 854 1040 
2152 560 556 559 1003 
2153 570 569 617 795 
2154 658 711 655 835 
2155 743 989 803 1001 
2156 257 261 811 877 
2157 674 917 817 991 
2158 584 598 585 822 
2159 551 784 1034 1066 
2160 161 208 207 1112 
2161 501 813 469 1044 
2162 794 967 927 1001 
2163 769 833 832 949 
2164 745 785 846 1045 
2165 145 151 978 1092 
2166 740 841 802 957 
2167 617 570 795 881 
2168 555 1007 837 1059 
2169 757 1018 940 1072 
2170 878 893 823 1112 
2171 164 863 810 960 
2172 821 905 513 979 
2173 782 933 818 970 
2174 896 945 372 1020 
2175 370 372 969 1020 
2176 751 803 831 897 
2177 820 848 186 1056 
2178 392 423 801 913 
2179 631 875 601 955 
2180 744 852 805 883 
2181 751 845 802 914 
2182 800 1002 790 1009 
2183 936 989 775 1071 
2184 481 866 812 908 
2185 888 978 151 1092 
2186 485 829 508 904 
2187 738 902 796 1111 
2188 819 848 198 1047 
2189 741 998 980 1013 
2190 767 935 823 1014 
2191 314 861 811 1137 
2192 855 1004 738 1091 
2193 284 950 315 1070 
2194 738 796 1091 1111 
2195 516 807 494 1061 
2196 587 795 617 976 
2197 794 967 1001 1039 
2198 289 255 247 911 
2199 170 1005 880 1047 
2200 386 378 377 820 
2201 958 1028 415 1114 
2202 300 849 808 999 
2203 739 833 952 1116 
2204 784 1066 551 1103 
2205 747 816 930 959 
2206 188 859 822 987 
2207 528 904 508 1074 
2208 742 940 848 1035 
2209 356 869 906 1068 
2210 836 804 1067 1083 
2211 590 824 591 875 
2212 187 149 143 920 
2213 187 780 920 978 
2214 770 1035 954 1132 
2215 854 1040 935 1075 
2216 451 453 452 806 
2217 556 559 1003 1059 
2218 749 871 796 968 
2219 748 927 786 947 
2220 801 941 748 1087 
2221 616 905 821 974 
2222 711 655 835 1063 
2223 300 315 950 1070 
2224 212 813 159 921 
2225 794 1068 1001 1104 
2226 178 203 866 886 
2227 930 1022 775 1055 
2228 769 825 863 952 
2229 186 848 820 888 
2230 451 806 452 884 
2231 441 501 469 1044 
2232 791 751 892 964 
2233 833 952 899 1058 
2234 654 798 977 1120 
2235 737 947 786 1017 
2236 469 813 855 992 
2237 791 1009 857 1022 
2238 912 980 900 1042 
2239 800 923 1002 1124 
2240 219 236 235 828 
2241 465 821 951 1027 
2242 759 787 858 961 
2243 758 865 834 1031 
2244 432 812 123 996 
2245 802 751 891 1015 
2246 796 902 738 1091 
2247 768 811 841 957 
2248 836 1028 785 1045 
2249 749 837 871 1007 
2250 902 1010 738 1091 
2251 718 917 879 1052 
2252 803 989 761 1001 
2253 361 409 362 1028 
2254 825 880 688 1136 
2255 868 757 1005 1047 
2256 662 705 1023 1120 
2257 644 817 673 1052 
2258 748 927 809 956 
2259 794 804 967 1039 
2260 778 814 947 1065 
2261 612 875 598 997 
2262 808 849 766 1008 
2263 584 822 585 955 
2264 810 872 545 1041 
2265 551 1034 871 1066 
2266 791 737 964 1080 
2267 749 837 788 1050 
2268 762 785 1028 1045 
2269 802 841 740 1118 
2270 761 794 906 1068 
2271 765 924 818 933 
2272 900 912 756 980 
2273 817 917 781 991 
2274 777 884 851 922 
2275 343 399 342 1093 
2276 695 873 693 1023 
2277 940 1047 868 1092 
2278 743 865 781 962 
2279 569 795 570 1037 
2280 512 467 459 785 
2281 791 857 1009 1050 
2282 738 902 816 1088 
2283 817 917 673 1052 
2284 237 276 239 961 
2285 138 141 184 847 
2286 501 813 1044 1133 
2287 237 239 238 990 
2288 884 922 777 1138 
2289 399 797 342 1093 
2290 1001 1068 826 1104 
2291 754 934 968 1124 
2292 738 1004 855 1133 
2293 745 836 804 1067 
2294 748 943 797 1065 
2295 512 467 785 963 
2296 835 898 758 1063 
2297 830 1028 958 1114 
2298 863 960 164 1115 
2299 744 883 853 1069 
2300 880 1005 757 1047 
2301 206 163 192 965 
2302 243 240 845 1015 
2303 566 838 567 1098 
2304 574 949 960 1041 
2305 140 138 139 847 
2306 749 1007 799 1050 
2307 370 372 945 969 
2308 751 897 815 964 
2309 743 962 781 1008 
2310 800 923 882 1002 
2311 749 788 1007 1050 
2312 949 994 769 1058 
2313 737 790 882 937 
2314 566 567 565 1098 
2315 669 781 671 1110 
2316 827 742 898 1031 
2317 816 930 857 1022 
2318 267 924 876 985 
2319 827 758 898 1063 
2320 740 788 844 857 
2321 846 929 807 1061 
2322 761 936 850 1045 
2323 815 892 751 964 
2324 441 469 813 1044 
2325 157 162 812 1097 
2326 744 852 883 1069 
2327 750 867 835 1110 
2328 681 827 683 895 
2329 929 1061 846 1090 
2330 940 1018 798 1095 
2331 859 1004 771 1091 
2332 720 675 667 795 
2333 749 1002 800 1009 
2334 378 377 820 988 
2335 356 906 869 1114 
2336 854 893 823 935 
2337 660 661 805 1085 
2338 785 762 846 1045 
2339 740 957 802 981 
2340 773 882 790 937 
2341 260 946 259 1123 
2342 741 814 1013 1065 
2343 828 838 759 1032 
2344 378 820 386 913 
2345 666 843 916 1096 
2346 738 855 1010 1133 
2347 777 900 980 1042 
2348 954 1035 827 1132 
2349 305 807 946 1077 
2350 833 899 776 1023 
2351 748 947 786 967 
2352 310 256 263 869 
2353 366 925 965 1014 
2354 737 882 790 1009 
2355 757 940 1035 1047 
2356 824 875 590 971 
2357 314 861 280 877 
2358 871 1034 784 1066 
2359 806 846 745 901 
2360 769 952 863 1048 
2361 850 946 260 1123 
2362 605 545 872 1041 
2363 757 977 798 1018 
2364 840 904 367 1014 
2365 786 989 964 1017 
2366 343 887 341 1087 
2367 743 962 897 1017 
2368 741 854 935 1075 
2369 617 795 569 976 
2370 767 965 925 1014 
2371 394 839 405 1019 
2372 363 842 817 1052 
2373 708 669 671 1110 
2374 806 745 851 901 
2375 759 926 788 1062 
2376 490 481 432 812 
2377 755 893 978 1040 
2378 774 1101 947 1119 
2379 743 865 962 1017 
2380 783 862 903 1051 
2381 786 775 989 1071 
2382 746 864 780 920 
2383 955 1091 796 1111 
2384 577 873 832 1000 
2385 792 847 934 1043 
2386 173 792 139 1005 
2387 944 1091 955 1111 
2388 661 883 805 1011 
2389 749 784 871 968 
2390 792 934 923 1043 
2391 788 889 799 926 
2392 669 781 890 1006 
2393 737 790 937 1080 
2394 212 921 866 1099 
2395 827 1035 742 1132 
2396 459 467 457 1061 
2397 788 926 799 1050 
2398 751 914 802 1055 
2399 780 864 746 1053 
2400 207 823 893 1112 
2401 375 409 361 963 
2402 874 887 797 941 
2403 818 853 765 932 
2404 737 1009 790 1080 
2405 785 836 1067 1083 
2406 803 1073 911 1128 
2407 775 981 919 1051 
2408 585 875 631 955 
2409 720 883 696 948 
2410 748 804 943 967 
2411 740 930 981 1055 
2412 291 870 787 1024 
2413 878 888 209 1135 
2414 673 817 674 917 
2415 759 961 858 990 
2416 737 786 947 1071 
2417 508 904 829 1074 
2418 848 1035 940 1092 
2419 815 964 737 1080 
2420 860 978 920 1053 
2421 675 795 720 976 
2422 755 801 941 975 
2423 741 935 854 1033 
2424 751 831 803 1073 
2425 749 857 837 1050 
2426 574 949 909 960 
2427 737 791 1009 1080 
2428 327 639 895 918 
2429 798 835 750 867 
2430 687 635 587 948 
2431 761 869 911 942 
2432 145 144 146 1092 
2433 926 1050 788 1062 
2434 788 759 889 926 
2435 392 874 341 988 
2436 832 873 577 949 
2437 781 986 817 991 
2438 450 862 447 884 
2439 350 834 394 1087 
2440 178 157 203 886 
2441 749 784 968 1002 
2442 346 393 396 804 
2443 1069 1078 838 1098 
2444 738 1010 855 1091 
2445 264 259 946 1123 
2446 828 985 623 1037 
2447 203 123 177 866 
2448 839 382 918 1102 
2449 943 1038 797 1065 
2450 787 961 759 1062 
2451 200 1047 848 1092 
2452 598 612 585 875 
2453 660 916 890 1085 
2454 363 355 817 842 
2455 200 198 848 1047 
2456 463 783 951 979 
2457 910 1002 993 1029 
2458 742 975 801 1030 
2459 738 959 902 1088 
2460 247 1073 803 1129 
2461 448 884 1094 1138 
2462 740 844 788 1062 
2463 268 270 269 924 
2464 798 750 835 898 
2465 755 975 1040 1053 
2466 198 848 819 1056 
2467 519 462 518 811 
2468 670 808 727 917 
2469 837 857 788 1050 
2470 363 1026 842 1052 
2471 742 1031 827 1132 
2472 766 1026 986 1104 
2473 779 978 888 1092 
2474 748 834 794 927 
2475 757 977 1018 1072 
2476 848 975 742 1030 
2477 832 833 763 873 
2478 687 720 635 948 
2479 381 918 382 1102 
2480 980 998 774 1013 
2481 750 815 962 1017 
2482 757 868 940 1047 
2483 405 394 350 839 
2484 837 1007 788 1059 
2485 154 209 878 888 
2486 452 929 903 1090 
2487 585 631 601 955 
2488 669 890 781 1110 
2489 797 943 887 1093 
2490 452 903 806 1090 
2491 860 868 144 1092 
2492 749 796 837 902 
2493 786 947 927 1017 
2494 743 986 927 1104 
2495 174 188 189 822 
2496 747 930 885 973 
2497 476 513 905 979 
2498 413 869 356 1068 
2499 368 904 366 1014 
2500 793 862 503 939 
2501 758 991 835 1063 
2502 751 803 897 989 
2503 786 775 964 989 
2504 264 259 807 946 
2505 212 813 921 1099 
2506 904 996 767 1074 
2507 697 723 722 818 
2508 276 787 961 1024 
2509 782 1015 751 1134 
2510 168 825 1005 1115 
2511 864 1013 746 1053 
2512 798 1035 940 1095 
2513 449 450 447 884 
2514 825 757 880 1005 
2515 749 871 799 1007 
2516 513 465 821 979 
2517 887 943 804 1093 
2518 378 820 913 988 
2519 566 567 838 1037 
2520 740 930 957 981 
2521 927 967 786 1001 
2522 909 949 701 994 
2523 142 920 860 978 
2524 785 745 846 1067 
2525 516 931 807 1061 
2526 305 807 259 946 
2527 744 838 1069 1078 
2528 473 824 971 1131 
2529 761 911 803 942 
2530 750 1085 805 1139 
2531 865 898 809 1031 
2532 857 974 844 1021 
2533 210 813 175 992 
2534 661 1011 805 1085 
2535 828 858 236 990 
2536 261 907 811 1100 
2537 789 864 920 921 
2538 342 874 797 1046 
2539 591 590 589 824 
2540 666 916 843 1006 
2541 756 886 812 1075 
2542 159 813 210 1082 
2543 786 989 936 1071 
2544 189 822 188 859 
2545 792 923 746 1043 
2546 802 740 981 1055 
2547 159 175 210 813 
2548 715 400 644 879 
2549 528 925 904 996 
2550 153 888 154 893 
2551 716 701 949 1058 
2552 746 920 780 1053 
2553 677 709 954 1106 
2554 463 951 465 979 
2555 239 240 238 845 
2556 666 843 725 1006 
2557 444 908 900 1044 
2558 761 906 869 1068 
2559 270 924 818 1096 
2560 848 1047 1035 1092 
2561 560 1003 889 1007 
2562 210 813 992 1082 
2563 800 1002 968 1124 
2564 206 192 823 965 
2565 490 812 432 996 
2566 863 1005 825 1115 
2567 551 550 1034 1103 
2568 284 766 950 1070 
2569 697 818 722 916 
2570 737 786 964 1017 
2571 212 159 813 1099 
2572 370 371 372 1020 
2573 927 947 809 1017 
2574 779 848 940 1092 
2575 446 793 900 1094 
2576 725 843 666 1096 
2577 701 736 994 1058 
2578 259 305 264 807 
2579 275 831 970 1015 
2580 677 954 819 1106 
2581 394 834 1019 1086 
2582 790 993 910 1002 
2583 508 485 486 829 
2584 741 935 1040 1075 
2585 405 839 895 1019 
2586 464 907 526 1027 
2587 576 832 577 949 
2588 766 817 917 986 
2589 751 791 892 914 
2590 829 904 767 1074 
2591 783 753 903 1016 
2592 807 919 850 946 
2593 791 914 740 1050 
2594 602 604 554 799 
2595 749 968 800 1002 
2596 137 847 184 987 
2597 249 243 286 802 
2598 673 644 691 817 
2599 629 615 894 1036 
2600 681 683 682 895 
2601 447 884 862 1094 
2602 583 821 480 1027 
2603 876 924 765 985 
2604 750 809 937 1017 
2605 696 948 883 1023 
2606 735 662 705 1023 
2607 781 917 817 986 
2608 761 989 936 1001 
2609 171 170 880 1047 
2610 742 956 801 975 
2611 768 951 811 957 
2612 885 930 775 973 
2613 291 290 841 1100 
2614 798 827 954 1035 
2615 192 207 823 893 
2616 380 839 382 918 
2617 314 280 257 877 
2618 770 848 819 1035 
2619 741 998 814 1038 
2620 576 575 577 832 
2621 890 962 752 1006 
2622 788 1050 740 1062 
2623 857 1009 816 1022 
2624 886 920 864 921 
2625 820 888 878 1135 
2626 519 462 811 951 
2627 190 158 149 854 
2628 771 855 824 1091 
2629 499 437 410 904 
2630 666 916 722 1096 
2631 474 939 905 1130 
2632 173 868 792 1005 
2633 746 789 864 920 
2634 823 878 755 893 
2635 355 817 842 1019 
2636 473 971 824 1130 
2637 772 911 803 989 
2638 781 752 962 1006 
2639 746 864 789 953 
2640 753 919 806 929 
2641 782 751 1015 1064 
2642 883 948 763 1023 
2643 781 962 890 1006 
2644 956 995 975 1095 
2645 255 911 942 1129 
2646 393 804 346 1054 
2647 744 799 838 926 
2648 269 267 268 924 
2649 583 571 821 1027 
2650 204 820 186 1056 
2651 930 959 857 1021 
2652 858 961 787 1024 
2653 149 886 143 920 
2654 878 888 755 893 
2655 740 914 791 1055 
2656 746 789 920 1043 
2657 912 1004 738 1133 
2658 823 854 767 965 
2659 241 933 295 990 
2660 855 1010 824 1091 
2661 789 944 859 987 
2662 501 900 446 1133 
2663 755 893 888 978 
2664 742 779 940 975 
2665 744 853 805 932 
2666 831 897 849 1008 
2667 737 937 815 1080 
2668 555 557 556 1059 
2669 629 894 870 1036 
2670 396 804 393 1083 
2671 347 834 1086 1087 
2672 850 919 807 1045 
2673 761 869 826 1068 
2674 775 786 964 1071 
2675 910 993 852 1029 
2676 770 1030 1035 1132 
2677 952 1025 923 1072 
2678 820 209 888 1135 
2679 746 953 789 1043 
2680 500 497 461 903 
2681 209 186 820 888 
2682 769 960 949 1041 
2683 827 895 681 918 
2684 737 964 786 1071 
2685 775 919 973 1051 
2686 740 788 857 1050 
2687 142 187 920 978 
2688 743 781 865 986 
2689 746 860 920 1053 
2690 866 756 908 1044 
2691 841 877 802 957 
2692 738 959 912 1010 
2693 722 818 723 1096 
2694 139 847 136 983 
2695 467 785 963 1061 
2696 178 886 866 921 
2697 516 494 807 1077 
2698 342 341 343 874 
2699 266 933 267 985 
2700 761 826 869 942 
2701 833 949 769 1058 
2702 381 380 382 918 
2703 720 667 696 883 
2704 748 941 947 1065 
2705 744 799 910 1069 
2706 848 819 1035 1047 
2707 776 1018 977 1072 
2708 825 1005 880 1136 
2709 783 957 753 1016 
2710 748 834 801 1087 
2711 798 954 654 977 
2712 415 1028 360 1114 
2713 367 904 368 1014 
2714 881 1078 1069 1098 
2715 161 153 154 893 
2716 243 242 240 1015 
2717 351 842 1068 1086 
2718 399 342 797 1046 
2719 162 203 157 812 
2720 487 512 459 945 
2721 750 937 815 1017 
2722 173 144 860 868 
2723 772 891 803 1128 
2724 954 1081 770 1132 
2725 456 903 452 929 
2726 751 1064 782 1134 
2727 780 893 854 1040 
2728 787 759 858 1003 
2729 748 809 927 947 
2730 792 860 746 1025 
2731 750 865 809 1017 
2732 178 866 212 921 
2733 818 924 723 1096 
2734 770 819 954 1035 
2735 861 946 807 1077 
2736 413 356 354 1068 
2737 591 875 824 966 
2738 168 1005 863 1115 
2739 801 1031 1030 1132 
2740 372 896 409 945 
2741 763 873 833 1023 
2742 781 917 808 1006 
2743 780 1013 864 1053 
2744 300 302 849 999 
2745 473 855 824 1131 
2746 406 422 958 1028 
2747 763 833 832 1029 
2748 376 830 278 958 
2749 785 846 762 1061 
2750 831 849 803 1129 
2751 785 1067 896 1083 
2752 816 800 953 1119 
2753 519 811 518 1137 
2754 555 837 557 1059 
2755 739 952 1072 1116 
2756 617 587 532 948 
2757 555 871 837 1007 
2758 748 947 941 956 
2759 803 891 1073 1128 
2760 781 752 1006 1008 
2761 905 939 824 1130 
2762 456 452 455 929 
2763 243 802 249 1060 
2764 667 853 661 883 
2765 912 959 793 1010 
2766 831 999 752 1008 
2767 239 240 845 961 
2768 830 850 761 1125 
2769 738 912 959 1088 
2770 778 947 941 1065 
2771 777 1094 884 1138 
2772 528 492 925 996 
2773 831 752 897 1008 
2774 806 919 846 929 
2775 512 478 467 963 
2776 308 958 830 1123 
2777 986 1026 842 1104 
2778 639 379 327 895 
2779 360 415 958 1028 
2780 750 962 865 1017 
2781 137 138 184 847 
2782 941 947 778 956 
2783 507 608 433 1027 
2784 737 809 947 1017 
2785 674 817 721 991 
2786 811 907 261 1137 
2787 175 992 813 1099 
2788 270 224 924 1096 
2789 799 1007 788 1050 
2790 748 797 887 941 
2791 638 723 924 1096 
2792 757 868 952 1025 
2793 768 957 841 1118 
2794 743 849 897 1008 
2795 497 500 450 862 
2796 761 836 936 1045 
2797 777 851 884 998 
2798 346 804 396 1093 
2799 783 903 753 1051 
2800 818 722 916 1096 
2801 999 1006 752 1008 
2802 753 981 930 1051 
2803 799 889 788 1007 
2804 791 914 751 1055 
2805 563 616 821 974 
2806 825 880 757 899 
2807 375 478 426 945 
2808 795 1078 881 1098 
2809 801 742 1030 1031 
2810 169 880 1005 1136 
2811 139 138 136 847 
2812 243 891 802 1060 
2813 664 890 660 916 
2814 827 1081 954 1132 
2815 888 975 848 1030 
2816 392 913 801 988 
2817 562 618 621 1024 
2818 368 367 840 904 
2819 753 957 930 981 
2820 742 956 975 1095 
2821 746 1053 1013 1101 
2822 807 946 850 1123 
2823 507 894 608 1027 
2824 792 863 934 983 
2825 452 455 929 1090 
2826 750 805 962 984 
2827 236 266 828 990 
2828 742 975 995 1095 
2829 169 880 170 1005 
2830 791 964 737 1022 
2831 513 466 465 979 
2832 752 781 962 1008 
2833 463 465 466 979 
2834 872 955 547 1034 
2835 758 827 898 1031 
2836 175 813 159 1099 
2837 406 958 915 1028 
2838 933 1032 990 1134 
2839 741 1033 980 1038 
2840 399 797 1020 1046 
2841 602 604 799 1098 
2842 394 834 347 1087 
2843 526 907 894 1027 
2844 754 934 847 1043 
2845 673 721 674 817 
2846 764 969 945 1020 
2847 745 846 806 919 
2848 751 803 891 1073 
2849 862 939 760 979 
2850 644 718 879 1052 
2851 347 834 394 1086 
2852 1037 1078 795 1098 
2853 162 123 812 996 
2854 582 828 235 985 
2855 586 219 529 858 
2856 219 586 282 858 
2857 920 978 780 1053 
2858 767 840 829 1033 
2859 151 145 146 1092 
2860 760 939 862 959 
2861 555 552 837 871 
2862 447 450 503 862 
2863 264 260 259 1123 
2864 764 945 896 1020 
2865 675 795 976 1117 
2866 280 877 861 946 
2867 256 942 869 1108 
2868 757 1025 952 1072 
2869 822 856 754 955 
2870 745 851 901 1067 
2871 787 759 1003 1062 
2872 554 602 799 1007 
2873 173 139 194 1005 
2874 914 1050 926 1062 
2875 957 1021 740 1118 
2876 504 389 915 963 
2877 639 728 379 895 
2878 750 937 809 1095 
2879 611 876 712 976 
2880 134 164 810 1122 
2881 919 981 753 1051 
2882 748 786 927 967 
2883 762 836 830 1045 
2884 806 919 753 1051 
2885 800 816 1009 1119 
2886 800 1009 882 1119 
2887 770 1030 848 1035 
2888 801 874 755 941 
2889 351 842 1026 1068 
2890 462 518 811 1016 
2891 602 799 889 1098 
2892 753 919 807 946 
2893 776 1011 1023 1120 
2894 554 799 604 1066 
2895 768 841 811 1100 
2896 366 904 368 925 
2897 879 917 718 950 
2898 756 866 812 886 
2899 812 866 756 908 
2900 767 965 854 1097 
2901 189 822 859 997 
2902 616 571 563 821 
2903 563 974 821 1036 
2904 519 811 907 951 
2905 266 933 828 990 
2906 363 353 842 1026 
2907 754 856 810 872 
2908 168 1005 825 1136 
2909 746 1013 864 1101 
2910 818 970 270 1096 
2911 742 1035 1030 1132 
2912 193 194 139 863 
2913 832 833 769 1048 
2914 592 966 905 974 
2915 623 568 566 1037 
2916 236 295 266 990 
2917 759 914 926 1062 
2918 741 935 797 1065 
2919 775 981 930 1055 
2920 754 856 822 987 
2921 745 804 836 1039 
2922 540 611 712 976 
2923 400 330 644 879 
2924 861 929 458 1077 
2925 890 962 781 1110 
2926 772 803 911 1128 
2927 899 952 825 1058 
2928 801 956 941 975 
2929 822 955 944 1091 
2930 651 654 709 954 
2931 759 961 914 1062 
2932 902 959 816 1088 
2933 602 889 799 1007 
2934 841 787 1100 1118 
2935 290 258 286 841 
2936 856 872 754 955 
2937 764 840 829 969 
2938 852 910 790 993 
2939 408 817 355 1019 
2940 206 192 207 823 
2941 267 266 268 933 
2942 751 845 914 1134 
2943 753 807 919 929 
2944 813 859 771 1082 
2945 663 664 660 916 
2946 804 346 1054 1093 
2947 727 917 808 950 
2948 661 665 663 853 
2949 651 654 954 977 
2950 909 949 769 960 
2951 917 986 781 1008 
2952 896 1067 804 1083 
2953 798 867 750 1018 
2954 993 1018 937 1139 
2955 825 994 168 1136 
2956 562 1003 618 1024 
2957 693 695 694 873 
2958 380 895 839 918 
2959 852 1029 993 1116 
2960 487 459 901 945 
2961 822 875 771 997 
2962 592 905 616 974 
2963 875 796 955 1091 
2964 510 526 894 1027 
2965 286 290 841 961 
2966 752 890 805 1109 
2967 889 1003 788 1007 
2968 737 1009 791 1022 
2969 930 957 753 1051 
2970 284 766 879 950 
2971 635 532 587 948 
2972 789 847 944 987 
2973 218 965 925 1097 
2974 807 846 762 1045 
2975 601 955 796 1034 
2976 769 949 909 994 
2977 780 1040 854 1075 
2978 741 1033 854 1075 
2979 776 977 899 1072 
2980 848 888 779 975 
2981 548 547 955 1034 
2982 805 984 932 1109 
2983 589 591 824 966 
2984 284 879 766 1121 
2985 356 869 414 1114 
2986 295 933 266 990 
2987 405 839 380 895 
2988 198 819 982 1056 
2989 515 458 929 1077 
2990 890 916 805 1085 
2991 157 854 158 1097 
2992 772 850 936 1045 
2993 830 1123 850 1125 
2994 783 753 957 1051 
2995 683 684 895 991 
2996 799 604 1066 1098 
2997 823 755 878 1049 
2998 547 546 548 955 
2999 274 300 808 999 
3000 677 649 709 1106 
3001 454 922 451 1138 
3002 296 295 241 933 
3003 796 968 871 1034 
3004 151 152 186 888 
3005 759 845 961 990 
3006 900 908 756 1044 
3007 149 854 158 886 
3008 788 889 759 1003 
3009 557 837 974 1059 
3010 933 990 782 1134 
3011 136 847 137 987 
3012 654 954 798 1063 
3013 845 914 759 961 
3014 426 478 512 945 
3015 694 716 701 949 
3016 984 993 937 1139 
3017 504 332 389 963 
3018 472 971 473 1130 
3019 850 1123 294 1125 
3020 410 437 335 904 
3021 675 720 687 976 
3022 737 937 809 1017 
3023 751 1015 845 1134 
3024 135 856 987 1113 
3025 554 1007 799 1066 
3026 831 849 999 1008 
3027 490 481 812 1074 
3028 758 839 827 1031 
3029 792 923 952 1025 
3030 662 1023 1011 1120 
3031 502 862 500 979 
3032 258 262 261 841 
3033 294 265 308 1123 
3034 808 1006 999 1008 
3035 264 931 807 1077 
3036 758 839 834 1019 
3037 162 996 812 1097 
3038 933 782 1032 1134 
3039 795 569 976 1037 
3040 832 1029 833 1048 
3041 168 994 825 1115 
3042 357 393 906 1083 
3043 644 879 330 1052 
3044 779 888 978 1053 
3045 807 1045 762 1123 
3046 762 846 807 1061 
3047 743 781 986 1008 
3048 762 830 850 1045 
3049 750 865 835 898 
3050 363 353 355 842 
3051 744 805 852 984 
3052 355 408 363 817 
3053 930 973 747 1051 
3054 750 898 798 1018 
3055 618 1024 1003 1084 
3056 617 580 570 881 
3057 745 919 806 973 
3058 752 843 818 916 
3059 462 951 461 1016 
3060 870 1100 787 1118 
3061 571 821 1027 1036 
3062 803 891 772 989 
3063 256 869 310 1108 
3064 137 136 138 847 
3065 779 975 888 1053 
3066 807 861 753 946 
3067 261 312 907 1100 
3068 822 875 955 1091 
3069 846 919 807 929 
3070 614 630 985 1037 
3071 536 596 514 971 
3072 788 1003 759 1062 
3073 802 877 249 1060 
3074 744 1069 853 1078 
3075 472 473 971 1131 
3076 759 990 1032 1134 
3077 752 805 890 916 
3078 1041 1048 872 1103 
3079 789 738 944 953 
3080 744 910 799 1057 
3081 414 869 830 1114 
3082 746 923 792 1025 
3083 805 744 932 984 
3084 328 124 387 1012 
3085 771 875 822 1091 
3086 481 908 812 1074 
3087 757 825 952 1005 
3088 441 813 469 1099 
3089 281 221 324 1108 
3090 752 999 843 1006 
3091 750 809 898 1095 
3092 830 869 309 1125 
3093 793 862 1042 1094 
3094 268 296 270 933 
3095 865 927 743 986 
3096 745 901 846 1067 
3097 221 869 324 1108 
3098 156 159 160 859 
3099 760 974 857 1021 
3100 752 805 916 932 
3101 938 971 597 997 
3102 386 913 820 1012 
3103 956 1089 995 1095 
3104 738 953 789 1004 
3105 147 143 148 920 
3106 281 324 384 1108 
3107 744 790 852 910 
3108 838 1078 1037 1098 
3109 819 848 770 1056 
3110 833 1048 1029 1116 
3111 136 983 847 987 
3112 592 613 589 966 
3113 135 987 174 1113 
3114 823 965 365 1112 
3115 284 766 1070 1121 
3116 152 848 186 888 
3117 977 1018 776 1120 
3118 803 942 911 1129 
3119 930 981 775 1051 
3120 603 613 592 966 
3121 864 789 953 1004 
3122 814 851 745 943 
3123 744 852 790 1080 
3124 801 755 874 988 
3125 448 454 451 1138 
3126 751 891 803 989 
3127 670 727 672 917 
3128 583 538 571 1027 
3129 828 838 765 1037 
3130 142 860 145 978 
3131 751 964 791 1055 
3132 188 184 156 859 
3133 831 248 999 1129 
3134 887 1054 834 1087 
3135 773 937 790 993 
3136 829 840 767 904 
3137 206 823 207 1112 
3138 744 799 926 1057 
3139 745 851 814 973 
3140 681 685 683 1063 
3141 337 823 365 1112 
3142 752 962 890 1109 
3143 890 962 805 1109 
3144 807 850 1045 1123 
3145 832 873 763 1000 
3146 903 929 806 1090 
3147 462 811 951 1016 
3148 749 1050 799 1057 
3149 172 819 198 1047 
3150 264 807 305 1077 
3151 770 954 819 1081 
3152 252 831 248 999 
3153 737 815 937 1017 
3154 856 955 822 1113 
3155 620 640 700 949 
3156 817 766 917 1052 
3157 160 859 159 1082 
3158 435 175 440 992 
3159 471 469 501 855 
3160 927 1001 786 1017 
3161 869 906 761 1114 
3162 474 475 476 939 
3163 739 1048 833 1116 
3164 587 617 569 976 
3165 794 834 1054 1086 
3166 750 1018 937 1095 
3167 501 1044 900 1133 
3168 563 821 571 1036 
3169 433 608 538 1027 
3170 816 857 749 1009 
3171 830 836 762 1028 
3172 809 865 750 898 
3173 776 899 833 1116 
3174 762 1028 836 1045 
3175 739 1029 1048 1116 
3176 752 932 818 970 
3177 813 921 866 1044 
3178 596 609 439 971 
3179 300 849 254 1070 
3180 261 841 262 1100 
3181 229 329 278 958 
3182 386 820 377 1135 
3183 203 162 123 812 
3184 284 300 315 950 
3185 741 980 998 1038 
3186 739 993 923 1002 
3187 872 1103 1048 1124 
3188 501 443 900 1044 
3189 802 981 891 1055 
3190 901 487 945 1127 
3191 399 1020 373 1046 
3192 764 945 901 1067 
3193 742 1035 798 1095 
3194 752 805 932 1109 
3195 802 957 877 981 
3196 779 868 860 1092 
3197 782 970 831 1015 
3198 275 831 252 970 
3199 900 908 445 1094 
3200 737 885 947 1119 
3201 829 840 764 1038 
3202 881 910 799 1069 
3203 855 939 824 1010 
3204 766 808 917 950 
3205 169 1005 168 1136 
3206 519 907 811 1137 
3207 773 923 1025 1072 
3208 260 946 850 1128 
3209 932 984 744 1109 
3210 254 300 302 849 
3211 951 957 783 1016 
3212 189 997 859 1082 
3213 810 863 769 960 
3214 405 895 383 1019 
3215 392 341 340 988 
3216 772 936 919 1045 
3217 329 376 278 958 
3218 752 818 843 970 
3219 807 931 516 1077 
3220 748 967 943 1065 
3221 905 966 589 1130 
3222 328 124 1012 1135 
3223 122 168 994 1136 
3224 464 951 907 1027 
3225 804 1083 396 1093 
3226 406 915 963 1028 
3227 829 764 969 1127 
3228 800 1043 754 1111 
3229 757 798 977 1035 
3230 164 960 810 1122 
3231 754 944 955 1111 
3232 768 951 821 1027 
3233 337 365 823 1014 
3234 866 921 813 1099 
3235 204 209 186 820 
3236 430 971 472 1130 
3237 760 837 857 974 
3238 126 133 544 960 
3239 539 126 544 960 
3240 525 511 931 1061 
3241 757 899 977 1072 
3242 681 895 682 918 
3243 749 857 816 902 
3244 409 375 321 945 
3245 749 1002 1009 1057 
3246 737 964 815 1017 
3247 188 137 184 987 
3248 765 1032 932 1078 
3249 790 937 984 993 
3250 743 1001 927 1017 
3251 589 824 590 1130 
3252 785 762 963 1061 
3253 651 977 954 1106 
3254 863 952 934 1048 
3255 748 941 801 956 
3256 747 806 884 1051 
3257 806 747 973 1051 
3258 496 445 908 1094 
3259 277 261 907 1137 
3260 778 995 956 1089 
3261 667 675 665 853 
3262 753 919 946 981 
3263 218 925 202 1097 
3264 824 971 590 1130 
3265 832 1048 1041 1103 
3266 835 991 781 1110 
3267 344 343 341 1087 
3268 141 860 142 920 
3269 859 921 813 1004 
3270 751 815 897 1064 
3271 765 853 818 1117 
3272 841 957 740 1118 
3273 688 899 825 1058 
3274 764 901 945 1127 
3275 747 885 816 1088 
3276 368 904 335 925 
3277 750 867 1085 1139 
3278 681 827 685 1063 
3279 742 798 898 1095 
3280 709 651 954 1106 
3281 516 515 494 1077 
3282 754 872 810 934 
3283 806 903 884 1051 
3284 573 1041 960 1122 
3285 798 827 898 1063 
3286 433 538 583 1027 
3287 785 1028 836 1083 
3288 770 819 982 1081 
3289 737 885 964 1071 
3290 739 792 923 952 
3291 567 838 1037 1098 
3292 739 923 792 934 
3293 765 932 853 1078 
3294 518 1016 517 1137 
3295 300 254 315 1070 
3296 748 947 814 1065 
3297 143 886 148 920 
3298 661 667 665 853 
3299 428 488 222 861 
3300 158 854 157 886 
3301 251 946 260 1128 
3302 751 892 815 1064 
3303 771 824 875 1091 
3304 351 349 842 1086 
3305 741 1038 814 1065 
3306 337 1014 823 1049 
3307 795 1069 881 1078 
3308 742 1030 1031 1132 
3309 751 914 892 1134 
3310 964 989 775 1055 
3311 864 953 912 1004 
3312 891 289 1073 1128 
3313 882 953 746 1043 
3314 748 797 941 1065 
3315 681 683 827 1063 
3316 335 904 437 925 
3317 744 790 910 1057 
3318 935 1014 840 1046 
3319 149 158 157 886 
3320 501 443 446 900 
3321 380 327 895 918 
3322 745 804 943 1067 
3323 794 761 906 1039 
3324 800 953 882 1043 
3325 793 939 855 1010 
3326 321 375 426 945 
3327 801 1030 913 1132 
3328 582 235 537 985 
3329 818 932 782 970 
3330 940 1025 757 1072 
3331 712 642 540 976 
3332 209 820 204 1135 
3333 738 789 944 1004 
3334 430 472 473 1130 
3335 614 985 876 1037 
3336 469 992 855 1131 
3337 530 117 180 856 
3338 594 530 180 856 
3339 754 955 796 1111 
3340 266 828 933 985 
3341 745 806 851 973 
3342 755 878 820 888 
3343 574 576 949 1041 
3344 754 810 856 983 
3345 510 464 526 1027 
3346 469 855 471 1131 
3347 596 439 514 971 
3348 739 952 923 1072 
3349 786 1001 967 1039 
3350 271 270 970 1096 
3351 778 1040 1013 1065 
3352 725 666 722 1096 
3353 1003 1062 1059 1084 
3354 850 911 761 1125 
3355 834 842 758 1019 
3356 525 511 915 931 
3357 750 937 1018 1139 
3358 852 984 790 1080 
3359 132 925 506 996 
3360 748 887 834 1087 
3361 476 905 939 979 
3362 749 1009 857 1050 
3363 792 934 847 983 
3364 739 934 792 952 
3365 584 822 955 1113 
3366 982 1081 678 1126 
3367 721 991 817 1105 
3368 840 904 829 969 
3369 866 921 756 1044 
3370 789 864 921 1004 
3371 775 930 885 1022 
3372 744 790 1057 1080 
3373 798 1018 977 1120 
3374 754 796 955 968 
3375 402 131 928 1012 
3376 796 968 754 1111 
3377 820 1012 204 1135 
3378 633 690 220 1096 
3379 236 858 237 990 
3380 232 870 542 894 
3381 199 401 925 965 
3382 702 825 688 1136 
3383 337 397 1014 1049 
3384 758 835 865 898 
3385 772 919 850 1045 
3386 769 863 825 1115 
3387 252 246 248 831 
3388 133 544 960 1122 
3389 806 753 929 1051 
3390 553 871 555 1007 
3391 947 1101 1089 1119 
3392 157 158 162 1097 
3393 695 693 717 1023 
3394 778 975 956 995 
3395 246 831 275 1015 
3396 960 1041 810 1122 
3397 915 958 762 1028 
3398 722 723 638 1096 
3399 248 831 246 1073 
3400 505 938 196 992 
3401 727 808 670 1076 
3402 592 589 905 966 
3403 607 551 1066 1103 
3404 411 826 390 972 
3405 598 822 584 1113 
3406 458 929 861 1016 
3407 536 514 430 971 
3408 366 925 401 965 
3409 742 975 940 995 
3410 276 858 237 1024 
3411 445 900 444 908 
3412 491 432 183 996 
3413 801 839 1031 1132 
3414 341 874 340 988 
3415 748 809 947 956 
3416 901 945 785 1067 
3417 683 710 991 1063 
3418 204 1012 820 1056 
3419 760 902 966 1010 
3420 797 935 840 1046 
3421 744 984 852 1080 
3422 811 877 841 957 
3423 224 638 924 1096 
3424 1054 1086 834 1087 
3425 155 159 156 921 
3426 774 885 814 998 
3427 819 770 982 1056 
3428 758 898 865 1031 
3429 385 323 179 878 
3430 583 480 433 1027 
3431 228 537 235 985 
3432 119 179 323 878 
3433 761 836 830 1114 
3434 1059 1062 844 1084 
3435 555 552 558 837 
3436 866 886 756 921 
3437 759 838 828 1079 
3438 671 673 674 917 
3439 726 727 670 1076 
3440 675 665 853 1117 
3441 612 590 875 971 
3442 336 365 965 1112 
3443 745 943 804 967 
3444 745 936 919 973 
3445 868 792 952 1025 
3446 774 980 912 998 
3447 603 966 592 974 
3448 794 1001 761 1039 
3449 875 824 966 1010 
3450 772 946 919 981 
3451 835 867 658 1110 
3452 745 936 973 1071 
3453 762 958 830 1028 
3454 498 901 451 922 
3455 772 850 919 946 
3456 175 440 992 1099 
3457 517 1016 861 1137 
3458 561 974 1036 1059 
3459 200 848 152 1092 
3460 794 1086 1068 1104 
3461 603 557 837 974 
3462 737 947 885 1071 
3463 365 965 823 1014 
3464 399 1020 797 1093 
3465 717 696 883 1023 
3466 717 883 707 1023 
3467 864 756 921 1004 
3468 802 914 740 1055 
3469 235 828 266 985 
3470 275 246 252 831 
3471 474 476 905 939 
3472 769 960 863 1115 
3473 813 756 921 1044 
3474 677 954 679 1081 
3475 691 817 374 1105 
3476 1048 1103 832 1124 
3477 602 889 565 1098 
3478 828 765 985 1037 
3479 609 938 439 971 
3480 535 640 620 949 
3481 753 861 807 929 
3482 738 953 912 1088 
3483 897 962 815 1017 
3484 773 993 923 1072 
3485 571 616 583 821 
3486 816 953 1088 1119 
3487 369 368 367 840 
3488 633 220 843 1096 
3489 757 1035 977 1106 
3490 178 148 886 921 
3491 824 855 771 1131 
3492 739 923 993 1072 
3493 842 1019 834 1086 
3494 839 913 382 1102 
3495 237 236 219 858 
3496 169 171 170 880 
3497 701 736 909 994 
3498 836 1028 830 1114 
3499 912 998 980 1042 
3500 740 857 844 1021 
3501 753 861 811 877 
3502 155 212 159 921 
3503 394 842 349 1086 
3504 619 1024 618 1084 
3505 702 688 825 1058 
3506 944 1004 859 1091 
3507 748 814 967 1065 
3508 768 811 907 1100 
3509 769 949 832 1041 
3510 480 513 465 821 
3511 888 893 153 978 
3512 701 716 736 1058 
3513 740 1050 914 1062 
3514 485 508 528 904 
3515 369 368 840 904 
3516 904 925 767 996 
3517 813 992 469 1099 
3518 505 196 125 992 
3519 502 503 862 939 
3520 517 458 861 1016 
3521 774 998 912 1088 
3522 739 934 952 1048 
3523 486 922 829 1127 
3524 402 181 131 1012 
3525 751 892 1064 1134 
3526 568 623 985 1037 
3527 192 161 207 893 
3528 600 223 534 870 
3529 183 132 506 996 
3530 802 891 751 1055 
3531 300 808 950 1076 
3532 366 368 335 925 
3533 743 897 962 1008 
3534 796 837 902 966 
3535 200 198 152 848 
3536 801 988 913 1030 
3537 746 1025 860 1053 
3538 884 1042 862 1094 
3539 823 893 755 935 
3540 745 973 814 1071 
3541 752 916 818 932 
3542 640 535 873 949 
3543 677 819 982 1107 
3544 415 830 376 958 
3545 206 965 823 1112 
3546 134 810 983 1122 
3547 800 754 968 1111 
3548 775 973 930 1051 
3549 332 504 434 963 
3550 788 1059 1003 1062 
3551 750 805 984 1139 
3552 300 274 808 1076 
3553 363 817 374 1052 
3554 238 845 241 990 
3555 195 539 610 960 
3556 737 964 885 1022 
3557 548 549 547 1034 
3558 836 761 936 1039 
3559 198 982 819 1107 
3560 773 923 882 995 
3561 702 994 825 1136 
3562 676 723 697 1117 
3563 261 314 811 1137 
3564 998 1042 912 1088 
3565 411 354 826 1108 
3566 747 816 959 1088 
3567 813 855 1004 1133 
3568 830 869 761 1114 
3569 279 222 488 861 
3570 813 1044 866 1099 
3571 195 126 539 960 
3572 824 1010 875 1091 
3573 771 855 813 992 
3574 1068 1086 842 1104 
3575 278 830 308 958 
3576 748 814 947 967 
3577 835 867 798 1063 
3578 639 682 728 895 
3579 350 394 347 1087 
3580 824 771 971 1131 
3581 734 879 718 950 
3582 824 589 966 1130 
3583 884 998 747 1042 
3584 787 1003 1024 1084 
3585 292 911 850 1125 
3586 619 870 1024 1084 
3587 581 577 832 1000 
3588 760 905 821 979 
3589 243 891 244 1015 
3590 280 250 877 946 
3591 225 429 495 931 
3592 490 812 996 1074 
3593 762 785 963 1028 
3594 751 1015 831 1073 
3595 209 154 186 888 
3596 664 916 666 1006 
3597 125 435 505 992 
3598 408 374 363 817 
3599 124 204 1012 1135 
3600 258 257 249 877 
3601 818 916 843 1096 
3602 850 911 292 1128 
3603 502 450 500 862 
3604 754 944 822 955 
3605 491 183 506 996 
3606 360 958 422 1028 
3607 757 1035 819 1047 
3608 905 966 760 974 
3609 761 911 869 1125 
3610 142 141 140 860 
3611 786 967 947 1071 
3612 264 225 931 1077 
3613 745 814 943 967 
3614 677 982 648 1107 
3615 779 978 860 1053 
3616 859 944 789 1004 
3617 673 691 721 817 
3618 304 915 320 958 
3619 942 311 1070 1108 
3620 399 373 342 1046 
3621 485 904 431 969 
3622 357 396 393 1083 
3623 366 401 331 965 
3624 264 807 931 1123 
3625 769 863 810 1048 
3626 811 957 951 1016 
3627 697 853 665 1117 
3628 374 817 408 1105 
3629 834 839 801 1087 
3630 668 666 725 1006 
3631 928 982 678 1126 
3632 780 978 893 1040 
3633 765 933 828 985 
3634 977 1035 954 1106 
3635 747 959 862 1042 
3636 742 848 1030 1035 
3637 824 905 760 939 
3638 790 1009 1002 1057 
3639 666 697 722 916 
3640 739 1002 923 1124 
3641 369 904 840 969 
3642 775 964 885 1071 
3643 604 606 1066 1098 
3644 312 277 261 907 
3645 882 923 800 1043 
3646 825 899 757 952 
3647 827 839 758 895 
3648 741 1013 1040 1065 
3649 746 923 882 1043 
3650 593 618 1003 1084 
3651 369 969 840 1020 
3652 801 913 839 1132 
3653 178 212 155 921 
3654 793 1010 855 1133 
3655 839 1102 918 1132 
3656 861 877 753 946 
3657 885 964 775 1022 
3658 140 173 144 860 
3659 683 684 682 895 
3660 737 809 937 1089 
3661 862 959 793 1042 
3662 765 818 924 1117 
3663 739 993 1002 1029 
3664 779 860 1025 1053 
3665 373 840 367 1046 
3666 711 654 655 1063 
3667 872 1041 810 1048 
3668 411 354 390 826 
3669 757 952 868 1005 
3670 280 305 259 946 
3671 792 934 863 952 
3672 809 737 947 1089 
3673 444 900 443 1044 
3674 742 995 940 1095 
3675 757 940 868 1025 
3676 598 997 822 1113 
3677 739 923 934 1124 
3678 387 124 181 1012 
3679 394 1019 842 1086 
3680 274 302 300 999 
3681 752 932 970 1064 
3682 773 923 995 1025 
3683 791 892 914 926 
3684 771 859 822 997 
3685 801 956 742 1031 
3686 241 238 240 845 
3687 248 831 1073 1129 
3688 851 814 973 998 
3689 225 429 931 1077 
3690 794 804 1039 1054 
3691 502 939 862 979 
3692 402 387 181 1012 
3693 760 905 824 966 
3694 789 921 859 1004 
3695 621 1003 858 1079 
3696 788 844 1059 1062 
3697 502 503 450 862 
3698 550 872 547 1034 
3699 272 271 270 970 
3700 243 244 242 1015 
3701 457 1061 494 1090 
3702 298 894 493 907 
3703 685 827 681 1081 
3704 255 942 253 1129 
3705 168 863 166 1115 
3706 435 125 175 992 
3707 496 445 444 908 
3708 846 807 919 1045 
3709 752 831 970 999 
3710 623 828 582 985 
3711 405 380 383 895 
3712 840 1014 367 1046 
3713 754 934 810 983 
3714 768 1100 870 1118 
3715 307 224 704 924 
3716 749 837 857 902 
3717 664 666 668 1006 
3718 397 1046 1014 1049 
3719 835 991 710 1063 
3720 821 905 760 974 
3721 906 1039 804 1054 
3722 654 977 653 1120 
3723 721 817 691 1105 
3724 168 194 863 1005 
3725 972 1070 311 1108 
3726 771 971 938 997 
3727 750 962 815 984 
3728 771 875 824 971 
3729 708 991 710 1110 
3730 200 172 198 1047 
3731 549 550 547 1034 
3732 947 1089 737 1119 
3733 614 876 976 1037 
3734 726 668 725 1006 
3735 480 821 465 1027 
3736 727 672 917 950 
3737 406 422 915 958 
3738 623 566 622 828 
3739 864 912 756 1004 
3740 794 1039 906 1054 
3741 760 902 837 966 
3742 755 820 878 988 
3743 607 550 551 1103 
3744 174 822 189 1113 
3745 685 954 827 1081 
3746 915 762 963 1028 
3747 632 938 597 997 
3748 412 364 421 1121 
3749 822 997 189 1113 
3750 914 926 892 1134 
3751 754 955 872 968 
3752 449 451 452 884 
3753 750 984 937 1139 
3754 576 577 873 949 
3755 338 878 377 988 
3756 704 224 638 924 
3757 496 1094 908 1138 
3758 746 882 923 995 
3759 223 534 870 1024 
3760 733 876 924 1117 
3761 824 966 905 1130 
3762 639 682 895 918 
3763 327 379 380 895 
3764 195 610 909 960 
3765 544 573 960 1122 
3766 164 133 960 1122 
3767 353 351 349 842 
3768 824 939 760 1010 
3769 296 272 270 970 
3770 821 844 768 1036 
3771 762 850 830 1123 
3772 808 843 999 1006 
3773 881 1066 606 1098 
3774 168 194 166 863 
3775 293 870 232 894 
3776 819 1035 757 1106 
3777 745 967 804 1039 
3778 304 915 958 1123 
3779 561 974 563 1036 
3780 367 368 366 1014 
3781 441 1044 813 1099 
3782 654 653 655 1120 
3783 139 136 193 983 
3784 640 873 694 949 
3785 386 1012 820 1135 
3786 768 870 1084 1118 
3787 406 915 389 963 
3788 811 861 753 1016 
3789 164 166 193 863 
3790 760 966 824 1010 
3791 377 820 988 1135 
3792 244 891 289 1073 
3793 839 827 1031 1132 
3794 802 914 845 961 
3795 406 360 422 1028 
3796 351 842 353 1026 
3797 836 745 936 1045 
3798 715 644 718 879 
3799 702 637 994 1136 
3800 145 142 144 860 
3801 745 836 936 1039 
3802 394 355 349 842 
3803 605 545 547 872 
3804 833 899 735 1058 
3805 235 236 266 828 
3806 872 968 955 1034 
3807 754 1043 944 1111 
3808 913 1012 386 1102 
3809 762 807 931 1061 
3810 407 330 400 879 
3811 356 413 414 869 
3812 801 839 834 1031 
3813 377 988 878 1135 
3814 302 849 999 1129 
3815 304 958 320 1123 
3816 777 998 980 1038 
3817 535 624 640 873 
3818 518 460 517 1016 
3819 853 883 795 1069 
3820 170 171 150 1047 
3821 853 916 805 932 
3822 440 469 992 1099 
3823 726 1006 725 1076 
3824 260 850 292 1128 
3825 827 954 685 1063 
3826 378 913 392 988 
3827 717 696 707 883 
3828 658 867 657 1110 
3829 659 1011 661 1085 
3830 766 917 879 950 
3831 844 1036 974 1059 
3832 632 612 598 997 
3833 432 123 183 996 
3834 390 826 354 1068 
3835 313 220 690 1096 
3836 486 829 527 1074 
3837 839 895 827 918 
3838 763 881 910 1000 
3839 267 231 876 924 
3840 624 692 873 948 
3841 621 562 1003 1079 
3842 320 915 301 958 
3843 477 473 471 855 
3844 173 150 868 1005 
3845 430 536 971 1130 
3846 614 876 611 976 
3847 756 813 921 1004 
3848 812 886 854 1075 
3849 881 948 763 1069 
3850 518 811 1016 1137 
3851 882 953 800 1119 
3852 205 645 703 994 
3853 1026 1068 842 1104 
3854 593 619 618 1084 
3855 773 940 1018 1072 
3856 599 533 121 997 
3857 853 1069 795 1078 
3858 787 1084 870 1118 
3859 143 142 187 920 
3860 712 876 719 976 
3861 713 543 700 949 
3862 750 815 937 984 
3863 767 904 840 1014 
3864 733 719 876 1117 
3865 234 438 915 931 
3866 688 689 899 1058 
3867 149 148 143 886 
3868 799 889 838 926 
3869 818 916 853 932 
3870 773 937 993 1018 
3871 651 650 652 1106 
3872 198 819 172 1107 
3873 750 898 1018 1095 
3874 838 889 759 926 
3875 494 515 458 929 
3876 795 948 881 1069 
3877 277 436 479 907 
3878 763 948 883 1069 
3879 753 946 877 981 
3880 578 624 873 948 
3881 751 891 1015 1073 
3882 782 970 932 1064 
3883 930 957 783 1021 
3884 962 984 805 1109 
3885 978 1040 780 1053 
3886 166 863 164 1115 
3887 574 575 576 1041 
3888 176 336 127 965 
3889 781 808 917 1008 
3890 252 970 831 999 
3891 437 904 528 925 
3892 262 841 290 1100 
3893 837 966 603 974 
3894 201 648 643 982 
3895 533 121 997 1113 
3896 777 998 884 1042 
3897 760 857 837 902 
3898 415 360 358 1114 
3899 725 1006 843 1076 
3900 753 877 811 957 
3901 768 907 811 951 
3902 756 886 864 921 
3903 752 970 843 999 
3904 404 913 386 1102 
3905 622 828 566 1079 
3906 941 1040 778 1065 
3907 273 843 999 1076 
3908 429 516 931 1077 
3909 771 822 859 1091 
3910 586 282 858 1024 
3911 883 948 795 1069 
3912 540 614 611 976 
3913 751 989 964 1055 
3914 656 662 1011 1120 
3915 789 953 944 1043 
3916 677 709 679 954 
3917 147 155 156 921 
3918 180 856 135 1113 
3919 546 856 594 1113 
3920 773 1018 940 1095 
3921 651 652 977 1106 
3922 781 1006 808 1008 
3923 712 719 642 976 
3924 820 888 848 1030 
3925 769 810 960 1041 
3926 740 957 930 1021 
3927 292 850 260 1125 
3928 746 864 953 1101 
3929 851 943 814 1038 
3930 150 144 868 1092 
3931 755 823 935 1049 
3932 406 389 332 963 
3933 629 542 870 894 
3934 304 301 320 915 
3935 326 904 369 969 
3936 298 293 894 907 
3937 621 564 562 1079 
3938 390 972 826 1026 
3939 707 883 661 1011 
3940 915 931 511 1061 
3941 954 977 798 1035 
3942 121 189 997 1113 
3943 829 922 764 1127 
3944 614 630 876 985 
3945 555 603 557 837 
3946 127 336 331 965 
3947 757 1047 819 1106 
3948 820 1012 913 1030 
3949 273 843 271 970 
3950 541 130 938 997 
3951 360 415 422 958 
3952 793 959 912 1088 
3953 806 973 919 1051 
3954 755 935 893 1040 
3955 839 918 827 1132 
3956 543 620 700 949 
3957 431 904 326 969 
3958 695 833 735 1058 
3959 940 975 779 995 
3960 202 925 132 996 
3961 783 957 930 1051 
3962 808 274 999 1076 
3963 795 1078 976 1117 
3964 197 714 928 982 
3965 756 813 1004 1133 
3966 814 998 851 1038 
3967 554 553 1007 1066 
3968 710 991 835 1110 
3969 777 908 900 1094 
3970 879 917 766 1052 
3971 829 767 1033 1074 
3972 821 974 760 1021 
3973 790 984 852 993 
3974 913 1012 770 1030 
3975 499 410 326 904 
3976 199 925 218 965 
3977 871 1007 553 1066 
3978 807 762 931 1123 
3979 503 475 477 939 
3980 737 882 1009 1119 
3981 564 889 560 1003 
3982 623 622 582 828 
3983 168 167 994 1115 
3984 471 855 473 1131 
3985 458 456 929 1016 
3986 135 856 134 983 
3987 373 1020 840 1046 
3988 728 636 379 895 
3989 372 362 409 896 
3990 298 493 227 907 
3991 702 825 994 1058 
3992 760 979 821 1021 
3993 756 1044 813 1133 
3994 340 988 874 1049 
3995 271 970 843 1096 
3996 499 326 431 904 
3997 738 1004 944 1091 
3998 769 810 1041 1048 
3999 439 971 938 1131 
4000 508 829 486 1074 
4001 867 1085 657 1110 
4002 744 1080 892 1109 
4003 744 984 1080 1109 
4004 677 678 982 1081 
4005 746 995 923 1025 
4006 302 999 248 1129 
4007 727 950 808 1076 
4008 822 174 987 1113 
4009 713 909 543 949 
4010 832 1041 581 1103 
4011 273 999 274 1076 
4012 340 874 339 1049 
4013 629 870 572 1036 
4014 872 1034 550 1103 
4015 368 410 335 904 
4016 692 640 624 873 
4017 411 826 972 1108 
4018 542 600 629 870 
4019 169 170 168 1005 
4020 752 843 916 1006 
4021 847 944 754 1043 
4022 227 493 436 907 
4023 414 830 415 1114 
4024 760 857 959 1021 
4025 575 581 832 1041 
4026 747 973 885 998 
4027 909 994 129 1115 
4028 937 1018 773 1095 
4029 529 621 858 1079 
4030 785 846 901 1067 
4031 664 890 916 1006 
4032 119 878 323 1112 
4033 488 279 861 1077 
4034 762 830 958 1123 
4035 754 822 944 987 
4036 369 840 373 1020 
4037 173 170 150 1005 
4038 345 1054 887 1087 
4039 758 834 839 1031 
4040 484 485 431 969 
4041 738 902 959 1010 
4042 476 939 502 979 
4043 763 833 1029 1116 
4044 885 973 814 998 
4045 337 397 365 1014 
4046 829 922 486 1138 
4047 173 150 144 868 
4048 779 940 868 1092 
4049 545 605 573 1041 
4050 382 839 423 913 
4051 428 517 488 861 
4052 311 942 256 1108 
4053 776 1023 852 1116 
4054 416 431 326 969 
4055 564 1003 562 1079 
4056 122 168 167 994 
4057 302 254 849 1129 
4058 792 868 952 1005 
4059 831 1015 751 1064 
4060 294 850 260 1123 
4061 134 983 856 1122 
4062 152 198 213 1056 
4063 810 872 1048 1124 
4064 294 292 260 1125 
4065 411 413 354 1108 
4066 273 843 970 999 
4067 751 897 831 1064 
4068 376 415 414 830 
4069 309 308 278 830 
4070 742 1031 956 1095 
4071 535 576 873 949 
4072 558 603 837 966 
4073 348 1068 1054 1086 
4074 130 191 938 997 
4075 615 1027 894 1036 
4076 798 898 835 1063 
4077 355 842 394 1019 
4078 228 297 537 985 
4079 816 902 857 959 
4080 891 981 802 1060 
4081 270 224 269 924 
4082 757 952 899 1072 
4083 859 997 771 1082 
4084 964 1022 791 1055 
4085 759 990 858 1079 
4086 364 1052 421 1121 
4087 889 1003 564 1079 
4088 152 848 198 1056 
4089 562 593 618 1003 
4090 764 901 851 1067 
4091 493 894 526 907 
4092 581 579 577 1000 
4093 910 1000 881 1066 
4094 773 1025 940 1072 
4095 598 533 997 1113 
4096 807 929 861 1077 
4097 688 880 650 1136 
4098 602 565 604 1098 
4099 864 886 780 920 
4100 548 955 601 1034 
4101 763 1000 910 1029 
4102 594 856 180 1113 
4103 571 1027 538 1036 
4104 437 499 528 904 
4105 806 929 903 1051 
4106 345 347 1054 1087 
4107 508 486 527 1074 
4108 907 951 768 1027 
4109 67 219 529 586 
4110 530 117 31 180 
4111 180 31 530 594 
4112 67 219 586 282 
4113 822 987 856 1113 
4114 575 581 577 832 
4115 221 376 50 324 
4116 376 50 278 221 
4117 658 710 711 835 
4118 178 155 148 921 
4119 548 546 584 955 
4120 878 988 338 1049 
4121 68 235 582 529 
4122 235 68 219 529 
4123 265 320 308 958 
4124 222 428 861 1137 
4125 769 825 994 1115 
4126 826 1026 766 1104 
4127 570 567 1037 1098 
4128 851 901 764 922 
4129 568 985 630 1037 
4130 392 378 423 913 
4131 511 504 915 963 
4132 746 953 882 1101 
4133 867 1018 798 1120 
4134 745 814 967 1071 
4135 253 942 288 1129 
4136 612 590 591 875 
4137 555 553 552 871 
4138 243 245 891 1060 
4139 943 967 814 1065 
4140 759 858 1003 1079 
4141 829 908 777 1138 
4142 782 845 1015 1134 
4143 304 931 915 1123 
4144 745 943 851 1067 
4145 614 568 630 1037 
4146 814 1038 943 1065 
4147 574 543 909 949 
4148 407 330 879 1052 
4149 695 735 716 1058 
4150 772 981 891 1060 
4151 273 970 252 999 
4152 885 947 814 1071 
4153 759 828 990 1079 
4154 600 287 223 870 
4155 774 953 864 1101 
4156 813 771 992 1082 
4157 858 990 828 1079 
4158 761 869 830 1125 
4159 657 867 1011 1085 
4160 135 856 983 987 
4161 821 844 974 1021 
4162 363 374 330 1052 
4163 205 129 645 994 
4164 805 883 852 1011 
4165 944 1043 953 1111 
4166 776 899 977 1120 
4167 778 956 947 1089 
4168 597 938 609 971 
4169 449 884 447 1094 
4170 265 294 260 1123 
4171 887 1054 346 1093 
4172 996 1033 767 1074 
4173 776 1011 852 1023 
4174 272 273 271 970 
4175 162 183 123 996 
4176 294 260 850 1125 
4177 135 983 136 987 
4178 744 853 932 1078 
4179 742 898 1031 1095 
4180 235 266 228 985 
4181 782 990 845 1134 
4182 544 126 33 133 
4183 126 544 33 539 
4184 692 693 873 948 
4185 763 852 883 1023 
4186 176 336 965 1112 
4187 735 833 695 1023 
4188 222 861 314 1137 
4189 739 993 1029 1116 
4190 414 415 358 1114 
4191 489 427 120 866 
4192 396 1083 398 1093 
4193 827 918 681 1081 
4194 764 922 901 1127 
4195 535 576 577 873 
4196 554 604 606 1066 
4197 304 234 915 931 
4198 124 204 181 1012 
4199 677 679 678 1081 
4200 340 338 988 1049 
4201 351 1068 348 1086 
4202 538 1027 615 1036 
4203 495 285 225 931 
4204 760 857 902 959 
4205 759 889 838 1079 
4206 831 999 849 1129 
4207 412 1026 364 1121 
4208 210 175 125 992 
4209 451 498 453 901 
4210 183 202 132 996 
4211 201 648 982 1107 
4212 812 767 996 1033 
4213 231 646 876 924 
4214 903 929 456 1016 
4215 863 952 825 1005 
4216 646 733 876 924 
4217 309 308 830 1125 
4218 942 1070 288 1129 
4219 754 872 934 1124 
4220 713 701 909 949 
4221 481 482 908 1074 
4222 976 1078 765 1117 
4223 347 1086 1054 1087 
4224 812 1033 996 1074 
4225 882 1101 953 1119 
4226 758 842 986 1019 
4227 291 262 290 1100 
4228 498 487 901 1127 
4229 765 876 985 1037 
4230 129 909 645 994 
4231 605 1041 872 1103 
4232 317 627 297 876 
4233 787 1062 1003 1084 
4234 864 912 774 980 
4235 350 423 382 839 
4236 275 272 296 970 
4237 386 328 1012 1135 
4238 686 950 727 1076 
4239 329 229 301 958 
4240 174 180 135 1113 
4241 584 546 594 1113 
4242 416 483 431 969 
4243 233 419 319 879 
4244 250 257 280 877 
4245 154 209 208 878 
4246 536 590 971 1130 
4247 944 953 738 1111 
4248 511 434 504 963 
4249 591 631 875 966 
4250 282 237 858 1024 
4251 204 186 213 1056 
4252 903 929 753 1051 
4253 754 847 934 983 
4254 758 817 986 991 
4255 529 622 621 1079 
4256 947 956 809 1089 
4257 831 897 752 1064 
4258 636 379 895 1105 
4259 135 136 137 987 
4260 516 494 468 1061 
4261 784 871 968 1034 
4262 190 153 893 978 
4263 122 994 637 1136 
4264 245 289 244 891 
4265 685 954 654 1063 
4266 812 854 1033 1075 
4267 767 812 996 1097 
4268 223 870 291 1024 
4269 384 281 49 324 
4270 896 943 804 1067 
4271 385 13 179 323 
4272 586 529 621 858 
4273 439 472 971 1131 
4274 476 513 425 905 
4275 150 146 144 1092 
4276 795 1037 976 1078 
4277 329 415 376 958 
4278 763 852 1023 1116 
4279 221 49 281 324 
4280 119 179 13 323 
4281 763 910 852 1029 
4282 811 753 957 1016 
4283 284 1070 306 1121 
4284 298 227 293 907 
4285 412 972 1026 1121 
4286 767 1033 812 1097 
4287 810 934 872 1124 
4288 337 1049 823 1112 
4289 517 460 458 1016 
4290 380 405 382 839 
4291 541 185 130 997 
4292 754 944 847 987 
4293 862 939 793 959 
4294 711 835 710 1063 
4295 789 944 847 1043 
4296 336 337 365 1112 
4297 398 1083 896 1093 
4298 640 694 700 949 
4299 400 715 419 879 
4300 198 201 982 1107 
4301 643 714 128 982 
4302 677 643 648 982 
4303 519 479 907 1137 
4304 947 967 814 1071 
4305 774 1088 953 1119 
4306 669 890 664 1006 
4307 741 1040 935 1065 
4308 514 439 472 971 
4309 738 912 953 1004 
4310 795 853 1078 1117 
4311 869 942 826 1108 
4312 756 912 864 980 
4313 300 950 303 1076 
4314 774 912 864 953 
4315 760 939 905 979 
4316 896 945 764 1067 
4317 784 1000 910 1066 
4318 411 390 412 972 
4319 785 945 896 1067 
4320 768 1084 844 1118 
4321 908 1094 777 1138 
4322 293 287 232 870 
4323 634 118 698 880 
4324 479 277 907 1137 
4325 289 891 245 1128 
4326 784 832 1103 1124 
4327 619 870 534 1024 
4328 276 290 239 961 
4329 697 665 676 1117 
4330 915 511 963 1061 
4331 657 867 656 1011 
4332 660 659 661 1085 
4333 596 597 609 971 
4334 870 894 293 1100 
4335 229 278 308 958 
4336 935 1040 941 1065 
4337 755 975 941 1040 
4338 338 323 878 1049 
4339 493 526 436 907 
4340 782 1015 831 1064 
4341 784 1029 832 1124 
4342 756 864 886 1075 
4343 300 303 274 1076 
4344 320 958 265 1123 
4345 799 910 881 1066 
4346 464 465 951 1027 
4347 755 935 874 1049 
4348 527 829 486 1138 
4349 639 681 682 918 
4350 809 1089 956 1095 
4351 539 544 573 960 
4352 126 164 133 960 
4353 458 460 456 1016 
4354 798 954 827 1063 
4355 364 1026 1052 1121 
4356 652 977 899 1120 
4357 804 1039 906 1083 
4358 894 907 293 1100 
4359 731 319 419 879 
4360 595 537 297 985 
4361 737 937 882 1089 
4362 264 305 225 1077 
4363 913 1102 839 1132 
4364 787 844 1062 1084 
4365 434 478 375 963 
4366 463 466 500 979 
4367 878 1049 323 1112 
4368 416 945 483 969 
4369 740 930 857 1021 
4370 611 730 712 876 
4371 658 655 657 867 
4372 752 970 831 1064 
4373 267 269 231 924 
4374 373 369 367 840 
4375 442 444 443 1044 
4376 870 894 768 1036 
4377 645 909 736 994 
4378 673 672 718 917 
4379 791 926 914 1050 
4380 773 882 937 1089 
4381 641 686 303 950 
4382 758 895 839 1019 
4383 759 1003 889 1079 
4384 561 563 974 1059 
4385 220 633 843 1076 
4386 826 766 972 1070 
4387 153 151 888 978 
4388 906 1039 836 1083 
4389 806 929 846 1090 
4390 817 1019 408 1105 
4391 461 903 456 1016 
4392 369 373 371 1020 
4393 222 280 314 861 
4394 282 276 237 1024 
4395 427 866 442 1044 
4396 282 237 219 858 
4397 246 831 1015 1073 
4398 429 516 495 931 
4399 390 1026 826 1068 
4400 253 288 254 1129 
4401 829 527 1074 1138 
4402 698 688 650 1136 
4403 790 984 937 1080 
4404 251 259 260 946 
4405 324 414 413 869 
4406 862 884 747 1042 
4407 799 1050 926 1057 
4408 352 906 1054 1068 
4409 351 1026 390 1068 
4410 838 926 759 1032 
4411 742 940 1035 1095 
4412 369 326 368 904 
4413 610 34 539 195 
4414 551 871 553 1066 
4415 793 1042 959 1088 
4416 177 489 120 866 
4417 352 1054 348 1068 
4418 810 934 863 983 
4419 302 248 254 1129 
4420 134 135 117 856 
4421 546 545 530 856 
4422 277 227 436 907 
4423 941 975 778 1040 
4424 551 553 554 1066 
4425 739 1072 993 1116 
4426 702 688 637 1136 
4427 239 286 240 961 
4428 357 1083 906 1114 
4429 338 377 340 988 
4430 568 623 630 985 
4431 126 539 34 195 
4432 787 1024 870 1084 
4433 297 267 876 985 
4434 299 879 699 950 
4435 757 880 1047 1106 
4436 652 688 689 899 
4437 822 859 944 987 
4438 765 976 1037 1078 
4439 730 627 317 876 
4440 419 715 731 879 
4441 299 319 731 879 
4442 761 906 836 1114 
4443 823 1049 878 1112 
4444 1054 1068 794 1086 
4445 197 128 714 982 
4446 758 986 817 1019 
4447 636 322 379 1105 
4448 798 1018 898 1095 
4449 472 430 514 971 
4450 441 469 440 1099 
4451 627 595 297 876 
4452 760 966 837 974 
4453 678 928 714 982 
4454 438 525 915 931 
4455 519 907 464 951 
4456 21 489 177 432 
4457 938 997 191 1082 
4458 1014 1046 823 1049 
4459 877 981 946 1060 
4460 288 1070 254 1129 
4461 118 211 698 880 
4462 793 912 1042 1088 
4463 422 403 915 958 
4464 744 926 838 1032 
4465 995 1025 746 1053 
4466 121 185 599 997 
4467 258 290 262 841 
4468 498 901 922 1127 
4469 551 550 549 1034 
4470 147 148 155 921 
4471 595 297 876 985 
4472 195 909 165 960 
4473 574 909 610 960 
4474 772 911 850 1128 
4475 265 958 308 1123 
4476 167 129 994 1115 
4477 332 434 375 963 
4478 334 419 233 879 
4479 549 548 601 1034 
4480 242 275 241 1015 
4481 852 993 984 1139 
4482 659 707 661 1011 
4483 925 965 767 1097 
4484 820 913 988 1030 
4485 182 928 1012 1056 
4486 310 309 221 869 
4487 770 1012 913 1102 
4488 632 541 938 997 
4489 273 272 252 970 
4490 605 581 1041 1103 
4491 329 229 52 301 
4492 541 599 185 997 
4493 814 973 885 1071 
4494 745 967 936 1071 
4495 752 916 890 1006 
4496 255 256 253 942 
4497 235 69 582 537 
4498 560 889 602 1007 
4499 794 1001 927 1104 
4500 820 1030 848 1056 
4501 629 572 615 1036 
4502 69 235 228 537 
4503 756 912 900 1133 
4504 489 481 442 866 
4505 352 906 393 1054 
4506 341 392 344 1087 
4507 117 134 856 1122 
4508 545 530 856 1122 
4509 730 611 627 876 
4510 652 899 705 1120 
4511 130 185 191 997 
4512 787 961 1062 1118 
4513 563 592 616 974 
4514 892 932 744 1109 
4515 658 710 835 1110 
4516 562 564 560 1003 
4517 616 592 531 905 
4518 477 471 501 855 
4519 288 942 311 1070 
4520 575 605 581 1041 
4521 765 976 876 1037 
4522 686 303 950 1076 
4523 461 462 463 951 
4524 646 704 733 924 
4525 645 701 736 909 
4526 779 888 848 1092 
4527 176 965 206 1112 
4528 416 370 945 969 
4529 775 1022 964 1055 
4530 444 481 482 908 
4531 119 208 878 1112 
4532 787 1003 858 1024 
4533 762 1045 850 1123 
4534 555 558 603 837 
4535 120 212 866 1099 
4536 172 819 1047 1107 
4537 581 1000 832 1103 
4538 777 1038 829 1138 
4539 810 1048 934 1124 
4540 653 977 652 1120 
4541 772 946 981 1060 
4542 756 980 864 1075 
4543 743 927 865 1017 
4544 127 331 16 401 
4545 743 927 1001 1104 
4546 829 764 922 1038 
4547 24 440 435 175 
4548 823 1046 935 1049 
4549 346 887 345 1054 
4550 165 909 129 1115 
4551 311 256 310 1108 
4552 819 954 1035 1106 
4553 882 1089 1101 1119 
4554 534 600 65 223 
4555 476 466 513 979 
4556 244 243 245 891 
4557 900 912 793 1133 
4558 403 329 301 958 
4559 774 953 1101 1119 
4560 141 143 147 920 
4561 331 336 365 965 
4562 787 1062 844 1118 
4563 406 422 403 915 
4564 822 944 859 1091 
4565 51 278 229 329 
4566 910 1000 784 1029 
4567 632 541 597 938 
4568 585 601 548 955 
4569 894 907 768 1027 
4570 537 623 582 985 
4571 804 1054 887 1093 
4572 755 988 878 1049 
4573 427 866 1044 1099 
4574 297 70 228 537 
4575 793 912 900 1042 
4576 850 946 772 1128 
4577 190 187 153 978 
4578 15 127 176 336 
4579 517 861 428 1137 
4580 925 996 202 1097 
4581 275 252 272 970 
4582 779 1025 995 1053 
4583 699 879 734 950 
4584 784 1034 872 1103 
4585 329 51 278 376 
4586 507 626 608 894 
4587 823 1014 935 1046 
4588 412 972 390 1026 
4589 127 15 331 336 
4590 127 199 218 965 
4591 786 967 936 1039 
4592 825 769 994 1058 
4593 727 734 672 950 
4594 385 377 338 878 
4595 547 550 605 872 
4596 955 968 796 1034 
4597 698 650 880 1136 
4598 201 643 128 982 
4599 243 249 245 1060 
4600 316 232 626 894 
4601 178 148 157 886 
4602 941 956 778 975 
4603 630 595 876 985 
4604 642 687 587 976 
4605 574 576 543 949 
4606 142 145 187 978 
4607 823 965 767 1014 
4608 786 936 1001 1039 
4609 593 1003 559 1084 
4610 713 700 701 949 
4611 11 328 124 387 
4612 671 670 672 917 
4613 662 656 705 1120 
4614 753 877 957 981 
4615 768 1036 844 1084 
4616 763 1029 852 1116 
4617 764 943 851 1038 
4618 218 199 202 925 
4619 341 339 340 874 
4620 586 858 621 1024 
4621 462 460 518 1016 
4622 836 906 761 1039 
4623 587 540 642 976 
4624 878 988 820 1135 
4625 299 731 699 879 
4626 181 1012 204 1056 
4627 405 350 382 839 
4628 612 597 590 971 
4629 776 833 1023 1116 
4630 432 183 20 491 
4631 468 525 516 931 
4632 404 378 386 913 
4633 244 289 247 1073 
4634 782 1064 892 1134 
4635 182 197 928 982 
4636 365 366 965 1014 
4637 755 874 935 941 
4638 649 677 648 1107 
4639 519 526 464 907 
4640 189 859 160 1082 
4641 763 910 881 1069 
4642 831 803 1073 1129 
4643 699 718 734 879 
4644 284 879 299 950 
4645 462 461 460 1016 
4646 494 929 455 1090 
4647 900 1042 777 1094 
4648 630 595 614 876 
4649 438 234 55 495 
4650 838 1032 765 1078 
4651 359 1028 362 1083 
4652 777 922 1038 1138 
4653 301 318 418 915 
4654 755 874 988 1049 
4655 542 64 600 232 
4656 704 638 723 924 
4657 510 526 493 894 
4658 507 510 894 1027 
4659 715 400 88 644 
4660 608 106 507 433 
4661 540 611 115 712 
4662 817 986 842 1019 
4663 388 424 1102 1126 
4664 498 487 459 901 
4665 162 183 996 1097 
4666 821 974 844 1036 
4667 391 226 325 972 
4668 943 1020 896 1093 
4669 758 991 895 1105 
4670 605 872 550 1103 
4671 443 444 445 900 
4672 804 836 1039 1083 
4673 628 713 729 909 
4674 779 860 868 1025 
4675 280 861 279 1077 
4676 253 247 255 1129 
4677 486 509 922 1127 
4678 851 998 777 1038 
4679 832 1000 763 1029 
4680 280 279 305 1077 
4681 626 522 316 894 
4682 628 195 610 909 
4683 388 1102 928 1126 
4684 774 864 1013 1101 
4685 523 318 234 915 
4686 804 943 896 1093 
4687 438 495 525 931 
4688 708 674 710 991 
4689 189 188 160 859 
4690 763 1023 833 1116 
4691 838 889 799 1098 
4692 764 896 943 1020 
4693 377 878 385 1135 
4694 840 969 764 1020 
4695 840 1020 797 1046 
4696 522 626 507 894 
4697 768 841 1100 1118 
4698 360 359 358 1114 
4699 854 886 780 1075 
4700 238 236 237 990 
4701 408 1019 383 1105 
4702 792 868 860 1025 
4703 491 490 432 996 
4704 852 910 763 1069 
4705 306 1070 972 1121 
4706 815 984 962 1109 
4707 238 241 295 990 
4708 322 408 383 1105 
4709 776 1018 867 1120 
4710 709 654 685 954 
4711 980 998 777 1042 
4712 633 725 843 1076 
4713 121 29 533 599 
4714 669 664 668 1006 
4715 843 970 818 1096 
4716 689 735 899 1058 
4717 786 936 967 1071 
4718 522 298 316 894 
4719 401 420 216 925 
4720 829 1038 922 1138 
4721 117 135 180 856 
4722 546 530 594 856 
4723 852 1011 883 1023 
4724 719 646 733 876 
4725 758 895 1019 1105 
4726 572 1036 870 1084 
4727 852 805 1011 1139 
4728 174 189 121 1113 
4729 198 172 201 1107 
4730 476 475 502 939 
4731 686 641 727 950 
4732 759 926 914 1134 
4733 220 843 273 1076 
4734 552 871 551 1034 
4735 567 569 570 1037 
4736 306 284 315 1070 
4737 629 615 542 894 
4738 524 609 625 938 
4739 768 870 1036 1084 
4740 915 762 958 1123 
4741 359 1028 1083 1114 
4742 653 652 705 1120 
4743 356 906 352 1068 
4744 218 163 965 1097 
4745 382 913 404 1102 
4746 732 197 714 928 
4747 572 629 619 870 
4748 895 991 684 1105 
4749 178 120 212 866 
4750 797 935 874 941 
4751 154 153 151 888 
4752 793 959 939 1010 
4753 301 52 329 403 
4754 844 740 1021 1118 
4755 679 954 685 1081 
4756 634 880 650 1106 
4757 383 1019 895 1105 
4758 863 934 810 1048 
4759 771 855 992 1131 
4760 769 1041 832 1048 
4761 764 851 943 1067 
4762 199 127 16 401 
4763 846 901 806 1090 
4764 428 488 58 222 
4765 427 120 22 489 
4766 591 558 631 966 
4767 782 831 970 1064 
4768 745 936 967 1039 
4769 60 277 436 479 
4770 876 719 976 1117 
4771 403 301 915 958 
4772 181 182 1012 1056 
4773 939 959 760 1010 
4774 174 137 188 987 
4775 123 21 177 432 
4776 780 886 864 1075 
4777 912 953 774 1088 
4778 626 232 542 894 
4779 504 389 523 915 
4780 584 585 548 955 
4781 829 1033 908 1074 
4782 338 323 385 878 
4783 366 331 365 965 
4784 881 1000 606 1066 
4785 533 598 584 1113 
4786 131 417 402 928 
4787 287 600 64 232 
4788 215 195 628 909 
4789 285 55 234 495 
4790 589 613 591 966 
4791 768 1027 821 1036 
4792 937 984 815 1080 
4793 682 636 728 895 
4794 641 79 699 299 
4795 753 861 929 1016 
4796 760 959 902 1010 
4797 525 931 468 1061 
4798 418 403 301 915 
4799 386 328 387 1012 
4800 1003 1059 559 1084 
4801 206 207 176 1112 
4802 777 922 851 1038 
4803 562 559 593 1003 
4804 844 1084 787 1118 
4805 935 1046 874 1049 
4806 373 367 397 1046 
4807 195 165 126 960 
4808 539 574 610 960 
4809 439 938 470 1131 
4810 779 868 940 1025 
4811 554 553 602 1007 
4812 792 952 863 1005 
4813 580 617 532 948 
4814 766 1052 1026 1121 
4815 70 297 595 537 
4816 561 563 571 1036 
4817 706 660 664 890 
4818 342 339 874 1046 
4819 507 433 510 1027 
4820 572 870 619 1084 
4821 470 938 505 992 
4822 790 1002 910 1057 
4823 865 927 809 1017 
4824 773 1089 937 1095 
4825 208 179 119 878 
4826 571 538 615 1036 
4827 506 925 492 996 
4828 494 457 468 1061 
4829 154 151 186 888 
4830 511 438 525 915 
4831 360 1028 359 1114 
4832 242 244 246 1015 
4833 249 877 250 1060 
4834 340 339 338 1049 
4835 182 982 928 1056 
4836 302 252 248 999 
4837 165 960 909 1115 
4838 953 1043 800 1111 
4839 280 259 250 946 
4840 747 959 1042 1088 
4841 882 737 1089 1119 
4842 1029 1048 832 1124 
4843 724 918 395 1126 
4844 763 883 852 1069 
4845 815 1064 892 1109 
4846 656 1011 867 1120 
4847 388 1012 928 1102 
4848 619 600 534 870 
4849 244 1015 891 1073 
4850 436 519 479 907 
4851 267 231 297 876 
4852 937 1089 809 1095 
4853 518 517 428 1137 
4854 519 518 479 1137 
4855 752 962 897 1008 
4856 171 1047 880 1107 
4857 217 197 732 928 
4858 153 145 151 978 
4859 646 73 704 307 
4860 402 928 388 1012 
4861 558 613 603 966 
4862 407 421 1052 1121 
4863 318 523 418 915 
4864 276 223 291 1024 
4865 908 1033 812 1074 
4866 435 440 469 992 
4867 489 442 427 866 
4868 683 710 684 991 
4869 249 257 250 877 
4870 753 929 903 1016 
4871 852 984 805 1139 
4872 357 393 352 906 
4873 566 568 567 1037 
4874 190 161 192 893 
4875 460 461 456 1016 
4876 199 401 216 925 
4877 732 647 417 928 
4878 815 897 1064 1109 
4879 435 125 24 175 
4880 465 463 464 951 
4881 132 521 506 925 
4882 429 56 225 495 
4883 784 968 872 1034 
4884 523 234 438 915 
4885 189 191 997 1082 
4886 244 246 1015 1073 
4887 134 133 164 1122 
4888 573 544 545 1122 
4889 797 1020 943 1093 
4890 427 120 866 1099 
4891 119 207 208 1112 
4892 304 285 234 931 
4893 625 130 214 938 
4894 784 1000 832 1029 
4895 669 668 670 1006 
4896 618 619 534 1024 
4897 586 621 618 1024 
4898 561 1059 1036 1084 
4899 596 536 590 971 
4900 737 1009 1022 1119 
4901 491 183 19 506 
4902 744 1057 926 1080 
4903 634 698 650 880 
4904 812 1033 854 1097 
4905 522 493 298 894 
4906 692 696 693 948 
4907 389 418 523 915 
4908 367 1014 397 1046 
4909 279 280 222 861 
4910 640 693 694 873 
4911 877 946 250 1060 
4912 129 215 729 909 
4913 787 841 961 1118 
4914 255 289 292 911 
4915 779 995 975 1053 
4916 768 894 1027 1036 
4917 564 565 889 1079 
4918 132 19 183 506 
4919 47 325 391 226 
4920 517 488 861 1077 
4921 794 1054 906 1068 
4922 209 179 208 878 
4923 706 890 669 1110 
4924 732 417 217 928 
4925 915 931 762 1123 
4926 744 910 852 1069 
4927 557 974 563 1059 
4928 427 442 441 1044 
4929 602 560 565 889 
4930 416 321 483 945 
4931 565 560 564 889 
4932 141 142 143 920 
4933 832 1000 784 1103 
4934 506 492 491 996 
4935 776 993 1072 1116 
4936 726 670 668 1006 
4937 386 377 328 1135 
4938 456 497 452 903 
4939 698 880 211 1136 
4940 836 1083 1028 1114 
4941 309 294 308 1125 
4942 849 942 803 1129 
4943 589 588 905 1130 
4944 624 535 578 873 
4945 659 657 1011 1085 
4946 754 983 856 987 
4947 799 1066 881 1098 
4948 756 1004 912 1133 
4949 179 878 209 1135 
4950 437 528 492 925 
4951 826 1068 1026 1104 
4952 660 890 706 1085 
4953 778 1089 947 1101 
4954 483 969 945 1127 
4955 535 620 576 949 
4956 330 88 400 644 
4957 106 608 538 433 
4958 115 642 540 712 
4959 194 193 166 863 
4960 891 1060 245 1128 
4961 849 254 1070 1129 
4962 332 97 504 389 
4963 536 101 514 596 
4964 700 620 110 640 
4965 339 341 342 874 
4966 136 135 134 983 
4967 183 432 20 123 
4968 417 131 217 928 
4969 707 696 667 883 
4970 420 335 521 925 
4971 713 628 543 909 
4972 861 1016 811 1137 
4973 744 926 892 1080 
4974 883 1011 707 1023 
4975 607 1066 1000 1103 
4976 530 117 856 1122 
4977 446 900 445 1094 
4978 1036 1059 844 1084 
4979 38 205 703 637 
4980 378 392 340 988 
4981 691 374 322 1105 
4982 489 120 22 177 
4983 488 279 58 222 
4984 299 233 319 879 
4985 395 83 327 724 
4986 124 181 11 387 
4987 919 936 745 1045 
4988 205 167 129 994 
4989 793 1042 900 1094 
4990 786 936 989 1001 
4991 773 995 940 1025 
4992 287 65 600 223 
4993 402 388 387 1012 
4994 845 759 914 1134 
4995 283 226 391 972 
4996 519 464 462 951 
4997 538 583 105 433 
4998 628 729 215 909 
4999 856 983 810 1122 
5000 285 264 225 931 
5001 702 689 688 1058 
5002 134 193 136 983 
5003 409 321 372 945 
5004 251 260 292 1128 
5005 361 406 963 1028 
5006 762 915 963 1061 
5007 482 1074 527 1138 
5008 359 1083 357 1114 
5009 570 881 606 1098 
5010 762 931 915 1061 
5011 659 657 656 1011 
5012 666 663 697 916 
5013 301 304 234 915 
5014 766 1026 972 1121 
5015 682 895 684 1105 
5016 846 919 745 1045 
5017 274 220 273 1076 
5018 683 711 710 1063 
5019 643 678 714 982 
5020 349 355 353 842 
5021 210 992 125 1082 
5022 678 1081 680 1126 
5023 346 396 398 1093 
5024 826 972 766 1026 
5025 524 625 214 938 
5026 868 1047 150 1092 
5027 346 343 345 887 
5028 669 706 664 890 
5029 774 885 998 1088 
5030 165 129 167 1115 
5031 816 1022 1009 1119 
5032 874 1046 339 1049 
5033 339 1046 397 1049 
5034 196 505 524 938 
5035 678 647 714 928 
5036 609 524 439 938 
5037 747 998 885 1088 
5038 449 448 451 884 
5039 482 908 1074 1138 
5040 216 521 132 925 
5041 454 498 451 922 
5042 337 323 1049 1112 
5043 420 521 216 925 
5044 357 906 356 1114 
5045 685 681 679 1081 
5046 799 1007 871 1066 
5047 251 1060 946 1128 
5048 849 808 999 1008 
5049 388 333 424 1126 
5050 338 337 323 1049 
5051 741 1040 1013 1075 
5052 536 589 590 1130 
5053 754 847 983 987 
5054 815 962 897 1109 
5055 161 190 153 893 
5056 647 928 678 1126 
5057 892 926 791 1080 
5058 641 303 230 950 
5059 461 497 456 903 
5060 643 714 43 128 
5061 770 848 1030 1056 
5062 385 878 179 1135 
5063 516 468 931 1061 
5064 289 292 911 1128 
5065 877 802 981 1060 
5066 816 1088 885 1119 
5067 271 843 220 1096 
5068 470 505 435 992 
5069 375 478 434 96 
5070 691 330 87 374 
5071 114 642 687 587 
5072 171 880 118 1107 
5073 427 1044 441 1099 
5074 583 105 433 480 
5075 261 262 312 1100 
5076 625 541 130 938 
5077 363 364 1026 1052 
5078 707 667 661 883 
5079 368 326 410 904 
5080 485 499 431 904 
5081 592 589 588 905 
5082 754 968 872 1124 
5083 580 606 570 881 
5084 346 343 887 1093 
5085 648 643 42 201 
5086 779 940 995 1025 
5087 560 602 556 1007 
5088 188 156 160 859 
5089 644 330 87 691 
5090 587 114 642 540 
5091 417 647 333 928 
5092 181 204 182 1056 
5093 317 297 231 876 
5094 151 146 152 1092 
5095 311 972 306 1070 
5096 165 164 960 1115 
5097 679 709 685 954 
5098 374 408 322 1105 
5099 564 566 565 1079 
5100 352 356 357 906 
5101 494 458 455 929 
5102 335 401 366 925 
5103 490 996 492 1074 
5104 505 125 25 435 
5105 614 976 569 1037 
5106 885 1088 774 1119 
5107 362 896 398 1083 
5108 181 402 10 387 
5109 250 946 251 1060 
5110 570 606 604 1098 
5111 332 375 361 963 
5112 79 641 230 299 
5113 284 233 299 879 
5114 29 121 185 599 
5115 426 483 321 945 
5116 651 653 654 977 
5117 755 941 935 1040 
5118 431 93 416 326 
5119 111 640 535 624 
5120 466 502 500 979 
5121 129 729 645 909 
5122 524 214 196 938 
5123 682 636 895 1105 
5124 662 707 1011 1023 
5125 906 1083 836 1114 
5126 101 514 430 536 
5127 620 535 110 640 
5128 639 327 83 724 
5129 864 980 774 1013 
5130 205 38 122 637 
5131 496 448 1094 1138 
5132 140 144 142 860 
5133 631 585 612 875 
5134 436 277 60 227 
5135 744 1032 838 1078 
5136 307 269 224 924 
5137 476 502 466 979 
5138 768 894 870 1100 
5139 398 896 1020 1093 
5140 298 293 232 894 
5141 880 1106 634 1107 
5142 656 657 655 867 
5143 808 999 843 1076 
5144 388 928 333 1126 
5145 233 879 284 1121 
5146 96 434 375 332 
5147 573 574 960 1041 
5148 935 941 797 1065 
5149 135 137 174 987 
5150 770 918 1081 1126 
5151 10 402 181 131 
5152 395 381 424 1126 
5153 706 657 1085 1110 
5154 552 549 601 1034 
5155 764 943 896 1067 
5156 202 996 183 1097 
5157 128 198 201 982 
5158 844 1062 740 1118 
5159 437 521 335 925 
5160 380 381 327 918 
5161 498 922 509 1127 
5162 286 239 290 961 
5163 242 246 275 1015 
5164 233 334 879 1121 
5165 549 552 551 1034 
5166 182 198 982 1056 
5167 424 381 1102 1126 
5168 508 490 492 1074 
5169 713 701 645 909 
5170 436 61 493 227 
5171 851 922 764 1038 
5172 449 448 884 1094 
5173 97 434 332 504 
5174 636 691 322 1105 
5175 771 997 938 1082 
5176 455 458 456 929 
5177 269 307 231 924 
5178 383 394 405 1019 
5179 410 499 91 437 
5180 395 918 381 1126 
5181 182 128 197 982 
5182 703 205 37 645 
5183 815 892 1080 1109 
5184 553 555 556 1007 
5185 885 1022 816 1119 
5186 362 359 361 1028 
5187 416 370 321 945 
5188 288 256 311 942 
5189 291 870 293 1100 
5190 28 130 541 185 
5191 171 172 1047 1107 
5192 255 292 263 911 
5193 641 699 734 950 
5194 404 382 423 913 
5195 874 935 797 1046 
5196 297 228 267 985 
5197 486 509 454 922 
5198 741 980 1033 1075 
5199 770 1102 918 1126 
5200 185 541 28 599 
5201 73 646 231 307 
5202 767 854 1033 1097 
5203 293 907 312 1100 
5204 122 167 205 994 
5205 776 852 1011 1139 
5206 597 541 609 938 
5207 396 362 398 1083 
5208 453 901 459 1090 
5209 484 431 483 969 
5210 714 197 43 128 
5211 663 666 664 916 
5212 502 475 503 939 
5213 634 650 649 1106 
5214 220 271 273 843 
5215 599 598 533 997 
5216 896 1083 804 1093 
5217 379 383 380 895 
5218 393 346 345 1054 
5219 768 907 894 1100 
5220 363 364 353 1026 
5221 391 283 47 226 
5222 288 311 306 1070 
5223 759 1032 926 1134 
5224 407 1052 879 1121 
5225 293 227 312 907 
5226 511 467 963 1061 
5227 703 702 637 994 
5228 744 892 926 1032 
5229 349 351 348 1086 
5230 121 189 185 997 
5231 206 218 163 965 
5232 918 1102 381 1126 
5233 443 445 446 900 
5234 765 924 876 1117 
5235 784 1002 910 1029 
5236 56 285 225 495 
5237 767 996 925 1097 
5238 261 277 314 1137 
5239 421 364 407 1052 
5240 606 1000 607 1066 
5241 671 672 673 917 
5242 656 867 655 1120 
5243 178 203 177 866 
5244 268 266 295 933 
5245 692 693 640 873 
5246 849 1070 942 1129 
5247 892 932 782 1032 
5248 782 932 892 1064 
5249 706 658 657 1110 
5250 909 960 769 1115 
5251 470 938 992 1131 
5252 761 1001 936 1039 
5253 759 845 990 1134 
5254 938 971 771 1131 
5255 926 1057 791 1080 
5256 429 515 516 1077 
5257 517 515 488 1077 
5258 185 189 191 997 
5259 577 578 535 873 
5260 689 735 705 899 
5261 321 370 372 945 
5262 563 603 592 974 
5263 543 576 620 949 
5264 699 731 715 879 
5265 378 340 377 988 
5266 815 1080 984 1109 
5267 472 439 470 1131 
5268 118 880 634 1107 
5269 212 175 159 1099 
5270 316 298 232 894 
5271 972 1070 766 1121 
5272 784 872 968 1124 
5273 750 1018 867 1139 
5274 553 551 552 871 
5275 756 900 1044 1133 
5276 287 291 223 870 
5277 271 220 313 1096 
5278 784 1000 1066 1103 
5279 124 209 204 1135 
5280 505 25 125 196 
5281 264 931 304 1123 
5282 400 419 334 879 
5283 938 771 992 1131 
5284 588 520 905 1130 
5285 770 913 1030 1132 
5286 48 325 226 1108 
5287 411 412 325 972 
5288 682 684 636 1105 
5289 434 467 478 963 
5290 292 263 911 1125 
5291 129 37 205 645 
5292 703 645 736 994 
5293 335 410 91 437 
5294 885 973 775 1071 
5295 454 486 922 1138 
5296 778 975 995 1053 
5297 1013 1040 780 1075 
5298 78 641 686 303 
5299 737 1022 885 1119 
5300 295 296 268 933 
5301 160 159 210 1082 
5302 111 692 640 624 
5303 483 93 416 431 
5304 112 624 532 635 
5305 103 425 531 520 
5306 769 994 909 1115 
5307 480 465 433 1027 
5308 765 876 976 1117 
5309 680 681 918 1081 
5310 744 932 892 1032 
5311 722 690 725 1096 
5312 501 441 443 1044 
5313 493 61 298 227 
5314 361 406 332 963 
5315 687 635 113 587 
5316 104 480 583 531 
5317 374 86 691 322 
5318 375 95 426 478 
5319 407 334 421 1121 
5320 562 560 559 1003 
5321 940 995 773 1095 
5322 633 726 725 1076 
5323 727 726 686 1076 
5324 352 393 348 1054 
5325 627 611 595 876 
5326 561 557 563 1059 
5327 195 129 165 909 
5328 791 1050 1009 1057 
5329 843 1006 808 1076 
5330 543 610 574 909 
5331 752 897 962 1109 
5332 715 718 699 879 
5333 525 468 511 1061 
5334 773 995 882 1089 
5335 484 969 483 1127 
5336 780 864 1013 1075 
5337 747 1042 998 1088 
5338 322 86 691 636 
5339 532 113 635 587 
5340 95 426 321 375 
5341 104 425 480 531 
5342 770 1081 918 1132 
5343 928 1012 770 1102 
5344 344 347 345 1087 
5345 228 266 267 985 
5346 712 730 646 876 
5347 653 651 652 977 
5348 776 867 1018 1139 
5349 776 993 852 1139 
5350 658 708 710 1110 
5351 642 675 687 976 
5352 735 695 662 1023 
5353 301 234 318 915 
5354 614 595 611 876 
5355 354 356 352 1068 
5356 351 390 354 1068 
5357 351 352 348 1068 
5358 157 148 149 886 
5359 578 580 532 948 
5360 150 1047 200 1092 
5361 291 287 293 870 
5362 327 381 395 918 
5363 381 382 404 1102 
5364 675 976 719 1117 
5365 351 353 390 1026 
5366 746 882 995 1101 
5367 659 662 707 1011 
5368 749 1009 1050 1057 
5369 558 591 613 966 
5370 573 574 539 960 
5371 164 126 165 960 
5372 736 702 994 1058 
5373 334 407 400 879 
5374 603 563 557 974 
5375 853 765 1078 1117 
5376 578 532 624 948 
5377 496 908 482 1138 
5378 398 1020 399 1093 
5379 339 397 337 1049 
5380 362 372 398 896 
5381 765 1037 838 1078 
5382 288 253 256 942 
5383 632 599 541 997 
5384 928 982 770 1056 
5385 938 992 771 1082 
5386 171 118 172 1107 
5387 612 591 631 875 
5388 712 646 719 876 
5389 770 928 1102 1126 
5390 531 588 103 520 
5391 624 112 692 635 
5392 411 972 325 1108 
5393 48 384 325 1108 
5394 422 329 403 958 
5395 284 299 230 950 
5396 770 1102 913 1132 
5397 867 1011 776 1120 
5398 407 879 334 1121 
5399 587 569 540 976 
5400 416 326 370 969 
5401 490 482 481 1074 
5402 493 507 510 894 
5403 819 1106 1047 1107 
5404 739 1048 1029 1124 
5405 403 389 406 915 
5406 714 647 732 928 
5407 700 694 701 949 
5408 770 918 1102 1132 
5409 791 1057 1009 1080 
5410 250 259 251 946 
5411 1047 1106 880 1107 
5412 829 1074 908 1138 
5413 724 680 918 1126 
5414 191 210 125 1082 
5415 652 689 705 899 
5416 283 972 391 1121 
5417 229 320 301 958 
5418 724 680 639 918 
5419 446 445 447 1094 
5420 608 542 615 894 
5421 176 127 206 965 
5422 496 482 527 1138 
5423 439 505 470 938 
5424 656 662 659 1011 
5425 325 972 226 1108 
5426 66 534 223 1024 
5427 282 586 66 1024 
5428 312 227 277 907 
5429 425 520 474 905 
5430 399 371 373 1020 
5431 630 537 595 985 
5432 444 482 496 908 
5433 634 1106 649 1107 
5434 592 588 531 905 
5435 778 1013 1053 1101 
5436 852 993 776 1116 
5437 304 264 285 931 
5438 776 1018 993 1139 
5439 780 1040 1013 1053 
5440 342 397 339 1046 
5441 201 643 42 128 
5442 388 402 333 928 
5443 995 1089 773 1095 
5444 399 398 371 1020 
5445 492 506 437 925 
5446 425 474 476 905 
5447 202 199 132 925 
5448 345 347 348 1054 
5449 48 226 281 1108 
5450 744 932 1032 1078 
5451 709 649 651 1106 
5452 498 509 487 1127 
5453 178 177 120 866 
5454 493 522 507 894 
5455 236 238 295 990 
5456 928 770 1012 1056 
5457 778 1040 975 1053 
5458 300 230 303 950 
5459 483 945 487 1127 
5460 586 534 66 1024 
5461 66 223 282 1024 
5462 191 196 130 938 
5463 401 335 420 925 
5464 347 348 1054 1086 
5465 542 608 626 894 
5466 452 453 455 1090 
5467 980 1013 864 1075 
5468 680 681 639 918 
5469 593 559 561 1084 
5470 685 654 711 1063 
5471 926 1032 892 1134 
5472 520 474 905 1130 
5473 171 169 118 880 
5474 739 1029 1002 1124 
5475 645 729 713 909 
5476 370 326 369 969 
5477 540 569 614 976 
5478 720 696 635 948 
5479 625 609 541 938 
5480 746 995 1053 1101 
5481 128 182 198 982 
5482 559 1059 561 1084 
5483 790 1009 1057 1080 
5484 805 1085 1011 1139 
5485 162 202 183 1097 
5486 504 438 511 915 
5487 457 494 455 1090 
5488 778 1013 1040 1053 
5489 675 642 719 976 
5490 449 447 448 1094 
5491 457 467 468 1061 
5492 643 677 678 982 
5493 495 516 525 931 
5494 470 992 469 1131 
5495 75 690 638 1096 
5496 559 556 557 1059 
5497 706 1085 890 1110 
5498 607 1000 581 1103 
5499 273 302 274 999 
5500 752 1064 897 1109 
5501 736 716 702 1058 
5502 487 426 512 945 
5503 619 629 600 870 
5504 884 777 1042 1094 
5505 306 311 226 972 
5506 791 926 1050 1057 
5507 464 510 465 1027 
5508 350 344 392 1087 
5509 48 281 384 1108 
5510 723 733 704 924 
5511 945 969 764 1127 
5512 75 638 224 1096 
5513 470 469 471 1131 
5514 329 422 415 958 
5515 46 334 233 1121 
5516 607 606 579 1000 
5517 131 182 197 928 
5518 389 403 418 915 
5519 118 169 211 880 
5520 918 1081 827 1132 
5521 647 333 928 1126 
5522 226 972 311 1108 
5523 384 413 411 1108 
5524 993 1018 776 1072 
5525 131 197 217 928 
5526 498 459 453 901 
5527 772 1060 891 1128 
5528 511 468 467 1061 
5529 684 991 721 1105 
5530 530 32 117 1122 
5531 170 173 194 1005 
5532 169 211 880 1136 
5533 218 202 163 1097 
5534 581 607 579 1000 
5535 918 680 1081 1126 
5536 436 526 519 907 
5537 445 496 448 1094 
5538 271 224 270 1096 
5539 168 166 167 1115 
5540 784 1103 872 1124 
5541 1002 1029 784 1124 
5542 453 459 457 1090 
5543 564 621 622 1079 
5544 776 1011 867 1139 
5545 946 1060 772 1128 
5546 129 195 215 909 
5547 610 543 628 909 
5548 404 423 378 913 
5549 391 325 412 972 
5550 879 1052 766 1121 
5551 568 614 569 1037 
5552 684 674 721 991 
5553 168 170 194 1005 
5554 708 706 669 1110 
5555 773 1018 993 1072 
5556 320 229 308 958 
5557 359 357 358 1114 
5558 504 523 438 915 
5559 716 735 689 1058 
5560 318 418 53 301 
5561 417 333 402 928 
5562 303 78 641 230 
5563 214 130 196 938 
5564 365 367 366 1014 
5565 675 676 665 1117 
5566 467 434 511 963 
5567 932 892 1064 1109 
5568 485 528 499 904 
5569 304 320 265 1123 
5570 132 199 216 925 
5571 573 575 574 1041 
5572 356 414 358 1114 
5573 426 487 483 945 
5574 284 306 283 1121 
5575 439 524 505 938 
5576 1011 1085 867 1139 
5577 358 357 356 1114 
5578 306 972 283 1121 
5579 346 399 343 1093 
5580 437 506 521 925 
5581 738 1091 944 1111 
5582 273 252 302 999 
5583 361 360 406 1028 
5584 561 1036 572 1084 
5585 57 488 429 1077 
5586 46 233 283 1121 
5587 245 1060 251 1128 
5588 391 972 412 1121 
5589 778 995 1089 1101 
5590 313 690 75 1096 
5591 554 606 607 1066 
5592 146 150 200 1092 
5593 284 230 300 950 
5594 385 179 12 1135 
5595 680 678 679 1081 
5596 641 734 727 950 
5597 301 418 53 403 
5598 334 46 391 1121 
5599 628 195 35 610 
5600 464 463 462 951 
5601 778 1053 995 1101 
5602 551 554 607 1066 
5603 782 892 1032 1134 
5604 739 934 1048 1124 
5605 279 488 57 1077 
5606 248 246 247 1073 
5607 32 133 117 1122 
5608 530 544 32 1122 
5609 359 396 357 1083 
5610 630 623 537 985 
5611 711 683 685 1063 
5612 317 231 72 730 
5613 741 1013 980 1075 
5614 882 1089 995 1101 
5615 506 132 18 521 
5616 733 676 719 1117 
5617 248 1073 247 1129 
5618 145 153 187 978 
5619 89 419 400 715 
5620 730 611 712 116 
5621 626 107 507 608 
5622 75 224 313 1096 
5623 165 166 164 1115 
5624 245 250 251 1060 
5625 717 662 695 1023 
5626 752 932 1064 1109 
5627 98 504 389 523 
5628 544 133 32 1122 
5629 168 122 169 1136 
5630 215 729 36 129 
5631 417 732 81 647 
5632 420 335 90 521 
5633 364 412 390 1026 
5634 565 567 604 1098 
5635 635 696 692 948 
5636 784 968 1002 1124 
5637 281 311 310 1108 
5638 572 619 593 1084 
5639 195 628 35 215 
5640 454 509 498 922 
5641 429 225 57 1077 
5642 350 347 344 1087 
5643 385 12 328 1135 
5644 590 597 596 971 
5645 342 373 397 1046 
5646 473 474 430 1130 
5647 397 367 365 1014 
5648 283 391 46 1121 
5649 226 283 306 972 
5650 419 89 731 715 
5651 116 730 611 627 
5652 626 107 522 507 
5653 231 646 72 730 
5654 389 418 98 523 
5655 260 264 265 1123 
5656 82 724 395 1126 
5657 216 18 132 521 
5658 486 484 509 1127 
5659 150 171 200 1047 
5660 220 77 633 1076 
5661 189 160 191 1082 
5662 129 729 36 645 
5663 333 417 81 647 
5664 437 90 335 521 
5665 647 678 680 1126 
5666 472 471 473 1131 
5667 328 12 124 1135 
5668 349 347 394 1086 
5669 336 176 14 1112 
5670 491 492 490 996 
5671 30 121 533 1113 
5672 180 30 594 1113 
5673 14 119 323 1112 
5674 282 223 276 1024 
5675 162 158 163 1097 
5676 575 573 605 1041 
5677 430 102 536 1130 
5678 197 44 732 714 
5679 454 527 486 1138 
5680 556 602 553 1007 
5681 99 524 609 625 
5682 628 108 729 713 
5683 482 508 527 1074 
5684 179 124 12 1135 
5685 196 505 26 524 
5686 686 633 77 1076 
5687 283 233 284 1121 
5688 363 330 407 1052 
5689 245 249 250 1060 
5690 443 441 442 1044 
5691 680 679 681 1081 
5692 421 391 412 1121 
5693 225 279 57 1077 
5694 333 82 395 1126 
5695 216 401 17 420 
5696 496 454 448 1138 
5697 684 710 674 991 
5698 386 387 388 1012 
5699 564 622 566 1079 
5700 567 568 569 1037 
5701 71 317 627 297 
5702 703 736 702 994 
5703 598 599 632 997 
5704 401 17 199 216 
5705 82 333 647 1126 
5706 572 561 571 1036 
5707 653 656 655 1120 
5708 297 627 71 595 
5709 182 213 198 1056 
5710 217 44 732 197 
5711 175 23 440 1099 
5712 233 45 319 419 
5713 649 650 651 1106 
5714 117 133 134 1122 
5715 545 544 530 1122 
5716 45 233 334 419 
5717 82 647 724 1126 
5718 717 707 662 1023 
5719 698 39 637 1136 
5720 328 377 385 1135 
5721 214 196 26 524 
5722 657 660 706 1085 
5723 355 394 383 1019 
5724 122 637 39 1136 
5725 291 293 262 1100 
5726 292 294 263 1125 
5727 675 719 676 1117 
5728 63 232 626 316 
5729 14 323 336 1112 
5730 176 119 14 1112 
5731 232 542 63 626 
5732 30 180 121 1113 
5733 533 594 30 1113 
5734 571 615 572 1036 
5735 469 470 435 992 
5736 234 54 523 438 
5737 524 609 439 99 
5738 628 108 713 543 
5739 318 54 523 234 
5740 688 698 637 1136 
5741 408 355 383 1019 
5742 607 581 550 1103 
5743 23 427 440 1099 
5744 483 487 484 1127 
5745 430 520 102 1130 
5746 27 214 625 130 
5747 636 721 691 1105 
5748 130 625 27 541 
5749 206 127 218 965 
5750 440 427 441 1099 
5751 593 561 572 1084 
5752 588 536 102 1130 
5753 363 407 364 1052 
5754 634 41 118 1107 
5755 360 361 359 1028 
5756 337 338 339 1049 
5757 146 200 152 1092 
5758 246 244 247 1073 
5759 41 634 648 1107 
5760 570 604 567 1098 
5761 289 245 251 1128 
5762 277 479 59 1137 
5763 689 702 716 1058 
5764 180 174 121 1113 
5765 594 533 584 1113 
5766 323 337 336 1112 
5767 398 399 346 1093 
5768 299 80 699 731 
5769 605 550 581 1103 
5770 588 102 520 1130 
5771 254 248 253 1129 
5772 298 522 62 493 
5773 465 510 433 1027 
5774 80 299 319 731 
5775 638 690 722 1096 
5776 51 50 278 376 
5777 29 30 121 533 
5778 534 65 66 223 
5779 219 68 67 529 
5780 117 31 32 530 
5781 586 66 67 282 
5782 30 31 180 594 
5783 176 14 15 336 
5784 69 68 235 582 
5785 221 50 49 324 
5786 119 13 14 323 
5787 316 522 62 298 
5788 204 213 182 1056 
5789 544 33 32 133 
5790 384 411 325 1108 
5791 698 211 39 1136 
5792 648 634 649 1107 
5793 265 264 304 1123 
5794 539 34 33 126 
5795 315 254 288 1070 
5796 23 120 427 1099 
5797 659 660 657 1085 
5798 348 393 345 1054 
5799 53 52 301 403 
5800 396 359 362 1083 
5801 686 77 303 1076 
5802 653 705 656 1120 
5803 424 404 388 1102 
5804 171 172 200 1047 
5805 289 251 292 1128 
5806 281 226 311 1108 
5807 248 247 253 1129 
5808 59 479 428 1137 
5809 220 303 77 1076 
5810 586 618 534 1024 
5811 281 49 48 384 
5812 179 12 13 385 
5813 351 354 352 1068 
5814 122 39 211 1136 
5815 277 60 59 479 
5816 440 24 23 175 
5817 83 84 327 639 
5818 92 93 431 326 
5819 535 110 640 111 
5820 101 430 102 536 
5821 122 38 39 637 
5822 74 75 638 224 
5823 175 120 23 1099 
5824 12 11 328 124 
5825 325 47 48 226 
5826 353 364 390 1026 
5827 76 77 633 220 
5828 634 41 40 118 
5829 58 57 279 488 
5830 489 22 21 177 
5831 490 508 482 1074 
5832 123 20 21 432 
5833 57 56 225 429 
5834 708 658 706 1110 
5835 46 45 233 334 
5836 59 428 222 1137 
5837 347 349 348 1086 
5838 72 73 646 231 
5839 10 9 402 131 
5840 561 559 557 1059 
5841 63 64 542 232 
5842 129 36 37 645 
5843 636 684 721 1105 
5844 333 81 82 647 
5845 335 91 90 437 
5846 106 538 105 433 
5847 330 87 88 644 
5848 540 114 642 115 
5849 16 17 199 401 
5850 55 54 234 438 
5851 297 71 70 595 
5852 70 69 228 537 
5853 130 27 28 541 
5854 35 34 610 195 
5855 305 279 225 1077 
5856 331 16 15 127 
5857 132 18 19 506 
5858 41 648 201 1107 
5859 183 19 20 491 
5860 125 24 25 435 
5861 163 202 162 1097 
5862 10 11 181 387 
5863 298 62 61 493 
5864 404 424 381 1102 
5865 448 447 445 1094 
5866 97 504 389 98 
5867 699 79 80 299 
5868 332 96 434 97 
5869 262 293 312 1100 
5870 26 25 505 196 
5871 609 100 439 99 
5872 109 713 108 543 
5873 2 216 420 521 
5874 1 732 417 217 
5875 3 214 524 625 
5876 4 628 729 215 
5877 7 626 522 316 
5878 8 317 730 627 
5879 523 418 6 318 
5880 731 319 5 419 
5881 43 44 197 714 
5882 201 118 41 1107 
5883 274 303 220 1076 
5884 643 43 42 128 
5885 277 59 222 1137 
5886 85 86 322 636 
5887 112 532 113 635 
5888 321 426 95 94 
5889 531 104 425 103 
5890 589 536 588 1130 
5891 315 288 306 1070 
5892 724 647 680 1126 
5893 333 395 424 1126 
5894 313 224 271 1096 
5895 455 453 457 1090 
5896 334 391 421 1121 
5897 28 29 185 599 
5898 88 89 400 715 
5899 611 115 712 116 
5900 106 507 107 608 
5901 429 488 515 1077 
5902 520 430 474 1130 
5903 124 179 209 1135 
5904 229 52 51 329 
5905 167 166 165 1115 
5906 207 119 176 1112 
5907 428 479 518 1137 
5908 726 633 686 1076 
5909 120 175 212 1099 
5910 56 55 285 495 
5911 294 309 263 1125 
5912 600 64 65 287 
5913 428 58 59 222 
5914 120 22 23 427 
5915 436 60 61 227 
5916 509 484 487 1127 
5917 283 47 46 391 
5918 472 470 471 1131 
5919 114 687 113 587 
5920 478 375 95 96 
5921 583 105 480 104 
5922 691 87 86 374 
5923 191 160 210 1082 
5924 596 101 514 100 
5925 109 620 110 700 
5926 78 79 641 230 
5927 222 314 277 1137 
5928 122 211 169 1136 
5929 172 118 201 1107 
5930 76 75 313 690 
5931 211 39 40 698 
5932 9 1 417 217 
5933 216 2 18 521 
5934 116 8 730 627 
5935 7 626 107 522 
5936 214 26 3 524 
5937 731 5 89 419 
5938 98 418 6 523 
5939 628 4 35 215 
5940 732 1 44 217 
5941 499 91 92 410 
5942 395 82 83 724 
5943 205 37 38 703 
5944 77 78 686 303 
5945 42 41 648 201 
5946 496 527 454 1138 
5947 99 3 524 625 
5948 4 628 108 729 
5949 704 73 74 307 
5950 216 17 2 420 
5951 53 6 418 318 
5952 522 62 7 316 
5953 317 8 71 627 
5954 319 5 80 731 
5955 626 7 63 316 
5956 317 72 8 730 
5957 523 6 54 318 
5958 319 45 5 419 
5959 729 36 4 215 
5960 214 3 27 625 
5961 732 81 1 417 
5962 90 2 420 521 
5963 588 102 103 520 
5964 111 112 692 624 
5965 94 93 416 483 
5966 85 84 728 379 
5967 922 806 451 884 
5968 922 451 806 901 
5969 942 263 255 256 
5970 942 255 263 911 
5971 1106 899 757 880 
5972 1106 757 899 977 
5973 1054 748 834 794 
5974 1054 834 748 887 
5975 855 824 477 473 
5976 855 477 824 939 
5977 475 477 824 473 
5978 475 824 477 939 
5979 1090 459 1061 901 
5980 1090 1061 459 457 
5981 1051 862 884 747 
5982 1051 884 862 903 
5983 1028 409 963 361 
5984 1028 963 409 785 
5985 1000 578 577 873 
5986 1000 577 578 579 
5987 1055 772 775 981 
5988 1055 775 772 989 
5989 1033 777 1038 829 
5990 1033 1038 777 980 
5991 475 1130 939 474 
5992 939 1130 475 824 
5993 1045 830 761 836 
5994 1045 761 830 850 
5995 1087 423 839 801 
5996 1087 839 423 350 
5997 862 930 1051 783 
5998 1051 930 862 747 
5999 1125 308 1123 294 
6000 1125 1123 308 830 
6001 1063 895 758 991 
6002 1063 758 895 827 
6003 597 997 612 632 
6004 612 997 597 971 
6005 1129 911 247 255 
6006 1129 247 911 803 
6007 875 601 966 631 
6008 875 966 601 796 
6009 558 966 601 631 
6010 558 601 966 796 
6011 945 459 785 512 
6012 945 785 459 901 
6013 900 980 908 777 
6014 908 980 900 756 
6015 804 393 906 1054 
6016 804 906 393 1083 
6017 1031 748 801 956 
6018 1031 801 748 834 
6019 671 1110 991 708 
6020 991 1110 671 781 
6021 1097 192 158 163 
6022 1097 158 192 854 
6023 990 239 845 961 
6024 990 845 239 238 
6025 978 1092 860 145 
6026 860 1092 978 779 
6027 379 639 84 728 
6028 379 84 639 327 
6029 1068 413 826 354 
6030 1068 826 413 869 
6031 1108 826 413 354 
6032 1108 413 826 869 
6033 1077 494 929 515 
6034 1077 929 494 807 
6035 190 854 192 158 
6036 190 192 854 893 
6037 903 497 884 862 
6038 450 497 884 449 
6039 450 884 497 862 
6040 1041 576 832 575 
6041 1041 832 576 949 
6042 1096 633 725 843 
6043 1096 725 633 690 
6044 1106 677 1107 819 
6045 1106 1107 677 649 
6046 950 672 718 734 
6047 950 718 672 917 
6048 853 663 697 665 
6049 853 697 663 916 
6050 888 152 1092 151 
6051 888 1092 152 848 
6052 1017 1001 989 743 
6053 1017 989 1001 786 
6054 1108 324 413 869 
6055 1108 413 324 384 
6056 1108 221 310 281 
6057 1108 310 221 869 
6058 1020 370 369 969 
6059 1020 369 370 371 
6060 1003 621 1024 562 
6061 1003 1024 621 858 
6062 492 1074 528 508 
6063 528 1074 492 996 
6064 1000 580 606 579 
6065 1000 606 580 881 
6066 912 1010 1133 738 
6067 1133 1010 912 793 
6068 1027 608 615 894 
6069 1027 615 608 538 
6070 1122 1041 545 573 
6071 1122 545 1041 810 
6072 127 401 965 331 
6073 965 401 127 199 
6074 1077 458 517 515 
6075 1077 517 458 861 
6076 1081 819 677 954 
6077 1081 677 819 982 
6078 670 1076 1006 726 
6079 1006 1076 670 808 
6080 704 224 74 638 
6081 74 224 704 307 
6082 1070 1108 826 942 
6083 826 1108 1070 972 
6084 1126 982 770 928 
6085 1126 770 982 1081 
6086 927 1104 834 794 
6087 927 834 1104 842 
6088 1086 834 1104 794 
6089 1086 1104 834 842 
6090 1015 240 241 242 
6091 1015 241 240 845 
6092 964 1080 892 791 
6093 892 1080 964 815 
6094 1012 131 182 181 
6095 1012 182 131 928 
6096 766 1052 986 1026 
6097 766 986 1052 817 
6098 842 986 1052 1026 
6099 842 1052 986 817 
6100 596 439 100 514 
6101 100 439 596 609 
6102 700 543 109 620 
6103 700 109 543 713 
6104 1005 150 1047 170 
6105 1005 1047 150 868 
6106 1087 343 345 344 
6107 1087 345 343 887 
6108 1020 372 398 371 
6109 1020 398 372 896 
6110 1058 695 694 716 
6111 1058 694 695 833 
6112 1031 1095 809 956 
6113 809 1095 1031 898 
6114 992 196 1082 938 
6115 992 1082 196 125 
6116 191 1082 196 938 
6117 191 196 1082 125 
6118 263 869 309 310 
6119 263 309 869 1125 
6120 1056 152 186 213 
6121 1056 186 152 848 
6122 1077 280 946 305 
6123 1077 946 280 861 
6124 724 327 918 639 
6125 724 918 327 395 
6126 326 499 92 410 
6127 326 92 499 431 
6128 495 234 931 438 
6129 495 931 234 285 
6130 1030 1012 1056 820 
6131 1030 1056 1012 770 
6132 205 637 994 703 
6133 994 637 205 122 
6134 1105 379 383 322 
6135 1105 383 379 895 
6136 118 698 40 634 
6137 40 698 118 211 
6138 690 220 76 633 
6139 76 220 690 313 
6140 1105 758 817 1019 
6141 1105 817 758 991 
6142 307 646 924 704 
6143 307 924 646 231 
6144 386 1102 388 404 
6145 388 1102 386 1012 
6146 232 600 870 287 
6147 232 870 600 542 
6148 299 641 950 699 
6149 299 950 641 230 
6150 1117 723 733 676 
6151 1117 733 723 924 
6152 231 730 876 646 
6153 876 730 231 317 
6154 624 635 948 532 
6155 948 635 624 692 
6156 379 636 85 322 
6157 85 636 379 728 
6158 531 520 905 588 
6159 905 520 531 425 
6160 483 321 94 426 
6161 483 94 321 416 
6162 131 417 9 402 
6163 131 9 417 217 
6164 497 884 452 903 
6165 497 452 884 449 
$EndElements
